3.34,6.86,-3.94
3.28,6.67,-3.94
3.21,6.48,-3.94
3.13,6.3,-3.94
3.07,6.2,-3.96
3.03,6.1,-3.99
2.95,5.97,-4.02
2.89,5.88,-4.05
2.83,5.82,-4.1
2.78,5.8,-4.16
2.72,5.76,-4.21
2.66,5.71,-4.25
2.6,5.65,-4.33
2.53,5.61,-4.43
2.46,5.56,-4.51
2.38,5.46,-4.57
2.3,5.41,-4.65
2.23,5.32,-4.71
2.15,5.3,-4.74
2.12,5.24,-4.83
2.08,5.22,-5.01
2.04,5.27,-5.23
1.96,4.89,-5.27
1.93,4.91,-5.39
1.89,4.9,-5.47
1.86,4.87,-5.53
1.83,4.8,-5.57
1.77,4.74,-5.58
1.72,4.69,-5.55
1.68,4.64,-5.51
1.62,4.55,-5.49
1.55,4.43,-5.48
1.5,4.33,-5.47
1.47,4.25,-5.46
1.43,4.14,-5.35
1.38,4.05,-5.29
1.32,3.98,-5.26
1.29,3.92,-5.22
1.28,3.84,-5.18
1.23,3.75,-5.16
1.18,3.65,-5.13
1.15,3.56,-5.12
1.12,3.48,-5.11
1.09,3.41,-5.08
1.06,3.35,-5.06
1.03,3.28,-5.04
0.99,3.21,-5.03
0.95,3.15,-5.02
0.91,3.1,-5.01
0.87,3.06,-5
0.82,3,-4.98
0.79,2.94,-4.98
0.76,2.9,-4.97
0.73,2.85,-4.96
0.7,2.8,-4.95
0.69,2.72,-4.94
0.66,2.67,-4.94
0.65,2.63,-4.93
0.63,2.57,-4.93
0.6,2.51,-4.92
0.58,2.47,-4.91
0.55,2.43,-4.89
0.52,2.38,-4.86
0.49,2.31,-4.85
0.47,2.26,-4.84
0.46,2.22,-4.83
0.45,2.19,-4.82
0.42,2.15,-4.81
0.4,2.12,-4.81
0.38,2.09,-4.8
0.36,2.06,-4.75
0.33,2.02,-4.73
0.32,1.98,-4.72
0.3,1.93,-4.7
0.29,1.89,-4.7
0.28,1.86,-4.69
0.26,1.81,-4.69
0.23,1.76,-4.68
0.21,1.71,-4.67
0.2,1.69,-4.67
0.18,1.66,-4.66
0.16,1.64,-4.65
0.14,1.61,-4.64
0.12,1.58,-4.63
0.11,1.56,-4.63
0.11,1.51,-4.62
0.1,1.5,-4.61
0.09,1.49,-4.61
0.07,1.46,-4.6
0.06,1.45,-4.59
0.05,1.42,-4.59
0.03,1.4,-4.58
0.01,1.38,-4.57
0,1.37,-4.56
0,1.36,-4.54
0,1.34,-4.52
-0.03,1.31,-4.5
-0.05,1.26,-4.48
-0.07,1.23,-4.47
-0.09,1.2,-4.46
-0.09,1.18,-4.43
-0.11,1.19,-4.41
-0.12,1.17,-4.4
-0.13,1.16,-4.38
-0.14,1.14,-4.36
-0.15,1.12,-4.35
-0.14,1.11,-4.34
-0.15,1.06,-4.32
-0.15,1,-4.3
-0.15,0.95,-4.29
-0.16,0.9,-4.29
-0.18,0.87,-4.26
-0.18,0.81,-4.22
-0.2,0.76,-4.19
-0.19,0.75,-4.17
-0.19,0.74,-4.15
-0.19,0.72,-4.13
-0.21,0.69,-4.09
-0.22,0.66,-4.09
-0.23,0.65,-4.09
-0.25,0.63,-4.1
-0.28,0.62,-4.11
-0.28,0.61,-4.11
-0.29,0.6,-4.12
-0.3,0.59,-4.12
-0.3,0.58,-4.12
-0.3,0.58,-4.12
-0.28,0.55,-4.12
-0.27,0.51,-4.12
-0.27,0.45,-4.12
-0.28,0.41,-4.13
-0.28,0.39,-4.14
-0.28,0.38,-4.14
-0.29,0.38,-4.14
-0.29,0.41,-4.15
-0.28,0.41,-4.15
-0.27,0.38,-4.18
-0.26,0.32,-4.21
-0.26,0.29,-4.24
-0.26,0.28,-4.24
-0.27,0.28,-4.23
-0.27,0.27,-4.22
-0.26,0.25,-4.21
-0.25,0.25,-4.21
-0.25,0.26,-4.21
-0.25,0.27,-4.21
-0.26,0.29,-4.2
-0.26,0.27,-4.19
-0.27,0.25,-4.18
-0.3,0.2,-4.17
-0.33,0.16,-4.17
-0.36,0.15,-4.17
-0.36,0.13,-4.17
-0.37,0.13,-4.18
-0.35,0.12,-4.18
-0.35,0.12,-4.18
-0.34,0.15,-4.18
-0.36,0.15,-4.18
-0.37,0.12,-4.19
-0.4,0.1,-4.19
-0.42,0.09,-4.19
-0.43,0.08,-4.18
-0.43,0.04,-4.19
-0.44,-0.02,-4.2
-0.44,-0.03,-4.2
-0.44,-0.02,-4.19
-0.46,0.02,-4.16
-0.5,0.04,-4.13
-0.53,0.06,-4.11
-0.55,0.07,-4.1
-0.55,0.1,-4.09
-0.54,0.15,-4.09
-0.53,0.22,-4.08
-0.52,0.33,-4.07
-0.5,0.39,-4.05
-0.49,0.41,-4.04
-0.5,0.41,-4.02
-0.5,0.42,-4.01
-0.51,0.46,-4
-0.51,0.48,-3.99
-0.46,0.59,-4.01
-0.4,0.72,-4.01
-0.39,0.85,-3.99
-0.4,0.99,-3.98
-0.52,1.14,-3.95
-0.65,1.24,-3.93
-0.74,1.24,-3.91
-0.8,1.23,-3.89
-0.84,1.26,-3.89
-0.94,1.31,-3.87
-1.06,1.41,-3.86
-1.28,1.47,-3.85
-1.74,1.48,-3.84
-2.2,1.5,-3.83
-2.78,1.55,-3.79
-3.25,1.57,-3.76
-3.59,1.67,-3.69
-3.81,1.74,-3.62
-3.94,1.79,-3.59
-4.1,1.86,-3.58
-4.23,1.93,-3.56
-4.33,1.99,-3.56
-4.48,2.05,-3.55
-4.82,2.14,-3.53
-5.33,2.3,-3.49
-5.92,2.47,-3.45
-6.33,2.68,-3.46
-6.77,2.77,-3.42
-7.1,2.9,-3.39
-7.47,3.13,-3.38
-7.77,3.32,-3.37
-8.03,3.39,-3.36
-8.4,3.47,-3.34
-8.6,3.63,-3.34
-8.67,3.74,-3.35
-8.68,3.75,-3.35
-8.7,3.75,-3.35
-8.72,3.74,-3.36
-8.93,3.7,-3.36
-9.36,3.81,-3.35
-9.92,4,-3.35
-10.33,4.03,-3.33
-10.95,4.22,-3.31
-11.6,4.35,-3.29
-12,4.47,-3.27
-12.21,4.58,-3.26
-12.53,4.57,-3.27
-12.91,4.59,-3.38
-13.5,4.68,-3.52
-14.23,4.59,-3.52
-14.79,4.78,-3.68
-15.14,5.22,-3.71
-15.8,5.22,-3.68
-16.59,5.16,-3.7
-17.91,5.15,-3.73
-18.75,5.29,-3.74
-19.35,5.4,-3.75
-19.93,5.46,-3.73
-20.33,5.6,-3.71
-21.02,5.78,-3.72
-22.07,6.08,-3.67
-22.87,6.26,-3.62
-23.48,6.33,-3.67
-24,6.56,-3.55
-24.65,6.68,-3.48
-25.2,6.63,-3.47
-25.39,6.62,-3.46
-25.47,6.7,-3.46
-25.71,6.87,-3.44
-26.1,7.02,-3.47
-26.51,6.99,-3.51
-26.97,6.99,-3.51
-27.57,7.24,-3.56
-28.34,7.41,-3.65
-28.86,7.64,-3.72
-29.13,7.84,-3.83
-29.27,8.14,-3.82
-29.59,8.23,-3.9
-30.16,8,-4.13
-31.02,7.97,-4.32
-32.03,8.25,-4.51
-32.21,8.23,-5.11
-32.59,8.23,-5.63
-33.03,8.24,-5.8
-33.24,8.25,-5.97
-33.23,8.17,-6.11
-33.25,8.03,-6.23
-33.48,7.96,-6.35
-33.73,8.02,-6.45
-34.05,8.07,-6.51
-34.4,8.06,-6.48
-35,7.78,-6.47
-35.59,7.63,-6.58
-36.13,7.56,-6.66
-36.57,7.47,-6.66
-37.05,7.37,-6.77
-37.7,7.42,-6.92
-38.3,7.56,-6.95
-38.75,7.51,-6.9
-39.1,7.43,-6.76
-39.37,7.42,-6.51
-39.63,7.49,-6.13
-40.21,7.15,-5.78
-40.99,6.87,-5.54
-41.83,6.9,-5.39
-42.21,6.99,-5.35
-42.37,6.78,-5.37
-42.54,6.62,-5.52
-42.73,6.6,-5.68
-42.81,6.54,-5.69
-42.88,6.5,-5.61
-43.2,6.59,-5.5
-43.73,6.96,-5.28
-44.05,7.1,-5.34
-44.13,7.16,-5.38
-44.2,7.35,-5.42
-44.26,7.59,-5.45
-44.36,7.62,-5.48
-44.46,7.66,-5.53
-44.58,7.69,-5.6
-44.95,7.57,-5.7
-44.99,7.54,-5.8
-45.21,7.47,-5.96
-45.54,7.41,-6.13
-46.52,7.6,-6.38
-46.71,7.85,-6.51
-47.2,8.24,-6.65
-47.51,8.59,-6.71
-47.6,8.68,-6.76
-47.62,8.67,-6.8
-47.66,8.74,-6.82
-47.71,8.97,-6.8
-48.31,9.08,-6.81
-48.62,9.23,-6.84
-48.68,9.34,-6.83
-48.72,9.3,-6.81
-48.79,9.24,-6.77
-48.93,9.3,-6.75
-49.01,9.35,-6.72
-49.05,9.34,-6.7
-49.09,9.25,-6.67
-49.11,9.3,-6.63
-49.14,9.27,-6.57
-49.19,9.44,-6.54
-49.24,9.49,-6.5
-49.28,9.51,-6.45
-49.29,9.47,-6.4
-49.32,9.52,-6.36
-49.36,9.63,-6.32
-49.4,9.7,-6.27
-49.44,9.65,-6.23
-49.45,9.49,-6.19
-49.48,9.4,-6.16
-49.51,9.42,-6.11
-49.52,9.35,-6.06
-49.5,9.3,-6.01
-49.56,9.26,-5.97
-49.6,9.25,-5.91
-49.63,9.28,-5.83
-49.45,9.38,-5.73
-49.38,9.43,-5.65
-49.48,9.27,-5.58
-49.49,9.14,-5.53
-49.51,9.17,-5.49
-49.49,9.12,-5.48
-49.55,8.88,-5.53
-49.53,8.54,-5.62
-49.66,8.57,-5.74
-49.94,8.6,-5.54
-49.74,8.77,-5.55
-49.75,8.68,-5.58
-49.73,8.52,-5.6
-49.74,8.33,-5.61
-49.72,8.17,-5.64
-49.71,8.09,-5.65
-49.74,8.17,-5.65
-50.09,8.28,-5.69
-50.21,8.43,-5.7
-50.29,8.58,-5.67
-50.44,8.78,-5.66
-50.36,8.75,-5.63
-50.38,8.73,-5.64
-50.08,8.66,-5.61
-50.1,8.53,-5.64
-50.14,8.43,-5.66
-50.18,8.38,-5.68
-50.18,8.32,-5.7
-50.21,8.35,-5.7
-50.22,8.42,-5.7
-50.25,8.3,-5.7
-50.24,8.03,-5.7
-50.22,7.81,-5.68
-50.23,7.86,-5.64
-50.21,8.01,-5.59
-50.2,8.08,-5.53
-50.21,8.11,-5.48
-50.23,8.17,-5.42
-50.25,8.12,-5.34
-50.26,7.88,-5.28
-50.2,7.77,-5.22
-50.22,7.87,-5.15
-50.21,7.89,-5.09
-50.14,7.76,-5.04
-50.12,7.64,-5.03
-50.14,7.57,-5.02
-50.14,7.47,-5
-50.12,7.28,-4.98
-50.1,7.19,-4.97
-50.1,7.43,-4.9
-50.1,7.82,-4.79
-50.01,7.95,-4.71
-49.98,7.96,-4.66
-49.98,7.96,-4.62
-49.98,7.94,-4.59
-49.73,7.88,-4.55
-49.6,7.67,-4.5
-49.55,7.46,-4.47
-49.56,7.49,-4.44
-49.56,7.67,-4.39
-49.54,7.76,-4.34
-49.25,7.8,-4.29
-49.14,7.72,-4.25
-49.04,7.64,-4.23
-49.01,7.58,-4.21
-48.93,7.54,-4.21
-48.72,7.54,-4.21
-48.47,7.57,-4.18
-48.29,7.49,-4.14
-48.14,7.29,-4.09
-47.71,7.35,-4
-47.66,7.34,-3.95
-47.49,7.43,-3.85
-47.1,7.48,-3.72
-47.02,7.35,-3.69
-47,7.28,-3.68
-47.16,7.31,-3.7
-47.17,7.36,-3.73
-47.16,7.37,-3.79
-47.15,7.34,-3.87
-47.08,7.3,-3.94
-47.05,7.18,-4.01
-46.91,7.01,-4.08
-46.76,6.88,-4.13
-46.61,6.84,-4.17
-46.44,6.76,-4.22
-46.19,6.69,-4.25
-46.02,6.54,-4.3
-45.97,6.32,-4.33
-45.96,6.14,-4.39
-45.82,6.13,-4.41
-45.42,6.18,-4.39
-45.09,6.16,-4.34
-44.83,6.13,-4.29
-44.71,6.08,-4.25
-44.41,6.09,-4.16
-44.07,6.11,-4.08
-43.88,6.11,-4.04
-43.74,6.05,-4.01
-43.3,6.48,-3.85
-42.91,6.4,-3.8
-41.64,6.99,-3.86
-41.19,6.97,-3.83
-41.01,6.63,-3.82
-40.94,6.58,-3.81
-40.89,6.69,-3.8
-40.01,7.08,-3.74
-39.5,7.04,-3.72
-39.09,7.06,-3.7
-38.66,7.33,-3.66
-37.96,7.47,-3.6
-37.08,7.56,-3.49
-36.04,7.53,-3.39
-35.51,7.38,-3.32
-34.97,7.36,-3.09
-34.43,7.23,-3
-33.63,7.43,-2.9
-33.05,7.33,-2.86
-32.85,7.26,-2.86
-32.39,7.28,-2.84
-31.89,6.99,-2.84
-31.15,7.09,-2.79
-30.55,7.32,-2.7
-30.09,7.48,-2.68
-29.8,7.35,-2.67
-29.11,7.29,-2.61
-28.33,7.32,-2.55
-27.66,7.38,-2.48
-27.17,7.46,-2.45
-26.83,7.37,-2.48
-26.39,7.41,-2.46
-26.02,7.26,-2.48
-25.8,6.91,-2.55
-25.35,6.85,-2.48
-24.75,6.92,-2.44
-24.15,6.9,-2.46
-23.47,6.91,-2.4
-22.68,7,-2.34
-22.43,6.83,-2.37
-21.93,6.94,-2.32
-21.55,6.95,-2.29
-21.21,7.11,-2.28
-20.91,7.25,-2.25
-20.68,7.31,-2.24
-20.34,7.38,-2.22
-20,7.34,-2.21
-19.58,7.16,-2.2
-19.51,7.07,-2.21
-19.44,7.11,-2.22
-19.3,7.06,-2.22
-18.8,6.96,-2.19
-18,7.06,-2.13
-17.82,6.77,-2.12
-17.07,6.83,-2.01
-16.63,6.85,-1.94
-16.46,6.8,-1.91
-16.25,6.84,-1.88
-16.01,6.81,-1.85
-15.16,6.87,-1.8
-14.47,6.96,-1.67
-13.63,7.07,-1.59
-12.87,7.24,-1.53
-12.25,7.45,-1.46
-11.85,7.57,-1.41
-11.54,7.52,-1.43
-11.18,7.54,-1.38
-10.84,7.48,-1.36
-10.38,7.42,-1.32
-9.88,7.34,-1.3
-9.04,7.57,-1.03
-8.45,7.56,-0.86
-8.12,7.66,-0.96
-7.68,7.69,-0.93
-7.29,7.71,-0.81
-6.97,7.64,-0.66
-6.77,7.59,-0.64
-6.29,7.7,-0.61
-5.91,7.91,-0.59
-5.42,8.13,-0.57
-5.15,8.1,-0.54
-4.86,8.01,-0.52
-4.58,7.9,-0.5
-4.38,7.87,-0.48
-4.23,7.65,-0.46
-4.14,7.55,-0.44
-4.04,7.48,-0.43
-3.89,7.64,-0.43
-3.53,7.61,-0.41
-3.28,7.56,-0.38
-3.19,7.49,-0.37
-3.15,7.54,-0.36
-3.1,7.57,-0.36
-3.02,7.51,-0.35
-2.77,7.46,-0.33
-2.55,7.38,-0.3
-2.48,7.34,-0.3
-2.43,7.34,-0.29
-2.34,7.29,-0.27
-2.13,7.23,-0.25
-1.96,7.23,-0.22
-1.81,7.22,-0.21
-1.76,7.23,-0.19
-1.76,7.27,-0.17
-1.7,7.26,-0.05
-1.57,7.24,0.01
-1.43,7.18,0.08
-1.3,7.1,0.17
-1.23,7.08,0.2
-1.2,7.12,0.18
-1.2,7.16,0.17
-1.17,7.17,0.16
-1.09,7.15,0.19
-0.93,7.06,0.24
-0.83,7.01,0.26
-0.77,6.99,0.26
-0.74,6.91,0.19
-0.71,6.94,0.2
-0.65,6.93,0.22
-0.54,6.86,0.28
-0.45,6.79,0.36
-0.4,6.78,0.4
-0.39,6.84,0.38
-0.37,6.92,0.36
-0.33,6.97,0.34
-0.3,7.03,0.35
-0.28,7.11,0.37
-0.28,7.18,0.38
-0.27,7.24,0.38
-0.24,7.29,0.38
-0.22,7.31,0.42
-0.17,7.3,0.49
-0.11,7.27,0.58
-0.06,7.24,0.63
-0.03,7.24,0.64
-0.02,7.27,0.64
0.02,7.31,0.67
0.02,7.38,0.68
0.02,7.46,0.7
-0.04,7.52,0.69
-0.06,7.66,0.66
-0.13,7.81,0.59
-0.25,7.97,0.5
-0.38,8.16,0.4
-0.55,8.37,0.31
-0.7,8.59,0.22
-0.86,8.75,0.16
-1.01,8.82,0.12
-1.11,8.95,0.1
-1.19,9.08,0.09
-1.2,9.19,0.13
-1.28,9.29,0.1
-1.4,9.38,0
-1.46,9.44,-0.06
-1.46,9.47,-0.05
-1.46,9.45,-0.05
-1.45,9.44,-0.05
-1.51,9.52,-0.05
-1.51,9.72,-0.05
-1.52,9.9,-0.06
-1.59,10.11,-0.06
-1.7,10.31,-0.08
-1.79,10.52,-0.09
-1.81,10.64,-0.08
-1.86,10.74,-0.09
-1.94,10.8,-0.1
-1.96,10.88,-0.1
-1.96,10.95,-0.09
-2.07,10.94,-0.1
-2.49,10.72,-0.16
-2.54,10.82,-0.17
-2.55,10.86,-0.16
-2.66,10.86,-0.17
-2.78,10.83,-0.19
-2.78,10.86,-0.2
-2.78,10.91,-0.2
-2.89,10.97,-0.21
-3.08,11.05,-0.23
-3.27,11.15,-0.25
-3.34,11.24,-0.26
-3.39,11.34,-0.27
-3.69,11.45,-0.3
-3.96,11.58,-0.33
-4.12,11.74,-0.36
-4.44,11.92,-0.4
-4.61,12.01,-0.41
-4.76,12,-0.43
-5.95,11.44,-0.58
-6.53,10.92,-0.63
-7.12,10.47,-0.69
-7.58,10.4,-0.73
-7.98,10.33,-0.77
-8.37,10.35,-0.82
-8.74,10.17,-0.87
-8.85,10.1,-0.89
-8.87,10.14,-0.89
-9.14,10.23,-0.93
-9.28,10.33,-0.95
-9.44,10.33,-0.97
-9.59,10.26,-1
-9.69,10.27,-1
-9.76,10.34,-1
-9.78,10.34,-1
-9.99,10.25,-1.04
-10.37,10.28,-1.08
-10.82,10.43,-1.13
-10.98,10.53,-1.14
-11.03,10.56,-1.14
-11.31,10.39,-1.18
-11.69,10.31,-1.23
-11.99,10.26,-1.27
-12.34,10.18,-1.32
-12.55,10.07,-1.34
-12.71,10.01,-1.35
-13.15,9.93,-1.4
-14.13,9.78,-1.54
-14.45,9.74,-1.5
-14.56,10.09,-1.5
-14.57,10.24,-1.5
-14.9,10.09,-1.84
-14.74,10.41,-1.86
-14.56,9.43,-1.91
-14.89,9.5,-1.95
-15.24,9.52,-1.99
-15.49,9.53,-2.04
-15.94,9.48,-2.1
-16.27,9.71,-2.17
-16.75,9.96,-2.29
-17.42,10.01,-2.41
-17.9,10.25,-2.53
-18.72,10.48,-2.72
-19.31,10.59,-2.84
-20.55,10.09,-2.92
-21.38,10.04,-2.94
-22.2,10.13,-3.07
-23.35,10.05,-3.19
-24.46,9.85,-3.33
-25.04,10.06,-3.36
-25.36,10.32,-3.35
-25.99,10.42,-3.38
-27.33,10.19,-3.56
-28.15,10.36,-3.7
-28.94,10.36,-3.78
-29.86,10.23,-3.85
-30.43,10.31,-3.92
-30.9,10.42,-3.97
-31.83,10.39,-4.09
-33.08,10.25,-4.22
-34.06,10.27,-4.37
-34.81,10.3,-4.49
-35.84,10.07,-4.59
-36.79,10.04,-4.73
-37.61,10.06,-5.01
-38.43,10,-5.29
-39.21,9.92,-5.5
-39.84,10.04,-5.59
-40.63,10.28,-5.66
-41.31,10.45,-5.85
-41.87,10.6,-6.05
-42.32,10.99,-6.17
-42.96,11.24,-6.31
-43.56,11.44,-6.57
-43.95,11.6,-6.88
-44.16,11.73,-7.11
-44.38,11.82,-7.19
-44.58,11.91,-7.22
-44.85,11.79,-7.28
-45.14,11.7,-7.4
-45.54,11.76,-7.54
-45.69,11.98,-7.64
-45.82,11.97,-7.74
-46.3,11.7,-7.92
-46.81,11.63,-8
-47.05,11.66,-7.97
-47.06,11.62,-7.84
-47.15,11.5,-7.71
-47.13,11.5,-7.66
-47.11,11.64,-7.74
-47.46,11.75,-7.93
-47.87,11.81,-8.12
-48.06,11.73,-8.28
-48.15,11.69,-8.31
-48.32,11.76,-8.08
-48.33,11.81,-7.79
-48.21,11.8,-7.46
-47.99,11.88,-7.11
-47.65,11.9,-6.66
-47.11,11.72,-6.32
-46.24,11.58,-5.85
-44.87,10.59,-5.49
-43.71,9.54,-4.62
-42.74,8.79,-3.96
-41.85,8.32,-3.14
-41.16,8.16,-2.64
-40.55,7.93,-2.17
-40.09,7.68,-1.93
-39.68,7.62,-1.99
-39.26,7.69,-2.11
-39.11,7.82,-2.43
-38.86,7.91,-2.58
-38.43,7.96,-2.71
-37.69,7.95,-2.84
-36.86,7.71,-2.93
-35.83,7.45,-3.04
-34.96,7.72,-3.25
-34.32,7.7,-3.26
-33.56,7.6,-3.04
-32.78,7.74,-3.23
-32.19,7.81,-3.41
-31.75,7.64,-3.52
-30.51,8.27,-3.67
-29.2,8.49,-3.49
-28.4,8.55,-3.35
-27.34,8.79,-3.25
-26.39,9.11,-3.17
-25.59,9.29,-3.09
-24.7,9.5,-3.01
-24.02,9.38,-2.82
-23.37,9.46,-2.67
-22.97,9.31,-2.6
-22.58,9.29,-2.5
-22.09,9.47,-2.52
-21.54,9.43,-2.53
-21.17,9.2,-2.54
-20.66,9.02,-2.42
-20.36,8.99,-2.5
-19.97,8.87,-2.49
-19.26,8.98,-2.52
-18.4,9,-2.53
-17.81,8.83,-2.47
-17.01,8.83,-2.31
-16.4,8.51,-2.3
-15.64,8.42,-2.17
-15.3,8.31,-2.16
-14.95,8.36,-2.12
-14.31,8.46,-2.02
-13.71,8.17,-1.91
-13.14,7.83,-1.72
-12.54,7.67,-1.51
-12,7.07,-1.07
-11.64,7.01,-1.07
-11.01,6.84,-1.02
-10.1,6.86,-0.83
-9.53,6.91,-0.73
-9.14,7,-0.67
-8.65,7.03,-0.52
-8.02,6.93,-0.31
-7.51,6.8,-0.02
-6.65,6.78,0.4
-5.84,6.79,0.83
-5.07,6.6,1.33
-4.19,6.42,1.78
-3.41,6.57,1.78
-2.98,6.15,1.84
-2.88,6.16,1.85
-2.83,6.21,1.85
-2.85,6.16,1.83
-2.88,6.1,1.79
-2.94,5.97,1.76
-2.58,5.79,1.74
-2.52,5.57,1.7
-2.45,5.46,1.67
-2.37,5.4,1.62
-2.3,5.37,1.57
-2.22,5.38,1.55
-2.16,5.5,1.51
-2.11,5.61,1.48
-2.03,5.73,1.47
-1.96,5.91,1.39
-1.91,6.09,1.29
-1.87,6.21,1.2
-1.82,6.31,1.17
-1.78,6.45,1.1
-1.75,6.61,1
-1.72,6.78,0.85
-1.7,6.92,0.67
-1.7,6.95,0.64
-1.71,7.03,0.63
-1.72,7.09,0.57
-1.7,7.14,0.53
-1.7,7.12,0.42
-1.64,7.13,0.26
-1.66,7.26,-0.12
-1.56,7.33,-0.37
-1.4,7.39,-0.93
-1.52,7.51,-1.22
-1.91,7.87,-1.95
-2.11,8.04,-3.96
-2.26,7.96,-7.54
-4.13,8.55,-10.49
-5.22,8.98,-13.32
-6.46,9.18,-16.44
-7.58,9.44,-19.18
-8.8,10.18,-21.83
-10.51,10.5,-25.07
-12.4,10.82,-28.11
-13.97,11.21,-30.49
-15.16,11.64,-32.3
-15.79,12.13,-34.07
-16.19,12.83,-36.02
-16.08,13.11,-37.82
-15.55,13.4,-39.06
-15.43,13.66,-40.21
-15.62,14.08,-42.06
-17.6,13.71,-41.02
-18.42,14.23,-42.78
-19.16,14.71,-44.55
-19.62,14.91,-46.18
-19.94,15.42,-47.15
-20.06,15.84,-47.97
-20.17,15.63,-48.3
-20.55,15.11,-48.88
-20.78,14.79,-50.18
-20.68,14.81,-51.85
-20.29,14.96,-53.09
-20.27,15.26,-54.02
-20.42,15.49,-55.01
-20.68,15.96,-56.48
-20.83,15.45,-58.79
-20.8,15.36,-60.77
-20.54,15.43,-61.81
-20.29,15.37,-62.76
-19.99,15.45,-64.28
-19.78,15.77,-65.82
-19.86,15.65,-67.11
-19.72,15.32,-68.64
-19.55,15,-69.93
-19.19,15.08,-71.25
-18.83,15.16,-72.21
-18.42,15.3,-72.7
-17.9,15.89,-73.66
-17.6,16.08,-74.34
-17.43,16.24,-74.7
-17.14,16.52,-74.95
-16.61,16.82,-74.96
-16.44,17.46,-75.98
-16.23,18.38,-76.69
-15.68,17.97,-76.89
-15.58,17.79,-77.15
-15.51,17.52,-77.45
-15.52,17.26,-77.63
-15.52,17,-77.68
-15.44,16.72,-77.65
-15.42,16.48,-77.67
-15.51,16.23,-77.86
-15.7,16.09,-77.97
-15.85,15.98,-77.93
-15.89,15.84,-77.89
-15.75,15.58,-77.73
-15.68,15.26,-77.39
-15.54,15.06,-77.3
-15.54,14.94,-77.29
-15.52,14.75,-77.27
-15.47,14.56,-77.24
-15.42,14.38,-77.16
-15.4,14.18,-77.01
-15.47,14.02,-76.95
-15.6,13.9,-76.9
-15.69,13.77,-76.91
-15.73,13.6,-76.91
-15.74,13.5,-76.92
-15.71,13.57,-76.92
-15.75,13.47,-77.05
-15.72,13.3,-77.11
-15.74,13.14,-77.13
-15.79,13,-77.12
-15.82,12.88,-77.08
-15.85,12.78,-77
-15.83,12.79,-76.82
-15.82,12.73,-76.82
-15.76,12.74,-77.18
-15.48,12.77,-77.72
-14.95,12.68,-78.07
-14.68,12.64,-78.45
-14.87,12.59,-78.55
-15.02,13.01,-78.41
-15.05,13.18,-78.35
-14.96,13.09,-78.33
-14.87,13.01,-78.33
-14.75,12.87,-78.34
-14.69,12.83,-78.58
-14.65,12.86,-78.87
-14.47,12.83,-78.98
-14.31,12.74,-79.01
-14.14,12.67,-78.95
-14.02,12.6,-78.81
-13.97,12.48,-78.78
-13.9,12.35,-78.78
-13.82,12.24,-78.71
-13.81,12.15,-78.63
-13.8,12.04,-78.59
-13.87,11.93,-78.58
-13.94,11.81,-78.56
-14.07,11.66,-78.43
-14.05,11.47,-78.17
-13.85,11.24,-77.77
-13.8,11.05,-77.46
-13.88,10.84,-77.22
-13.87,10.63,-76.93
-13.89,10.42,-76.63
-13.91,10.19,-76.31
-13.92,9.96,-76.1
-13.87,9.77,-75.72
-13.86,9.59,-75.32
-13.8,9.38,-74.93
-13.8,8.91,-74.62
-13.89,8.85,-74.59
-13.96,8.75,-74.58
-14.05,8.5,-74.62
-14.11,8.1,-74.63
-14.12,7.9,-74.63
-14.22,7.49,-74.75
-15.07,7,-75.28
-15.62,6.38,-75.88
-16.09,5.66,-76.66
-16.46,5.09,-78.01
-17,4.64,-79.13
-17.03,4.42,-79.72
-17.18,3.92,-80.54
-17.3,3.03,-81.47
-17.43,1.8,-82.31
-17.58,0.79,-82.98
-17.79,-0.11,-83.49
-17.84,-1.15,-83.91
-18,-2.4,-84.27
-18.09,-3.15,-84.51
-18.06,-4.1,-84.89
-17.97,-5.22,-85.5
-17.9,-6.36,-86.21
-17.78,-7.8,-87.06
-17.55,-9.46,-87.91
-17.49,-10.74,-88.56
-17.33,-11.61,-88.91
-17.28,-12.4,-89.12
-17.32,-13.13,-89.35
-17.14,-14,-89.58
-16.93,-15.06,-89.81
-16.99,-16.26,-90.08
-17.1,-17.31,-90.51
-17.02,-18.86,-91.03
-16.92,-19.89,-91.27
-16.73,-20.84,-91.32
-16.65,-21.79,-91.42
-16.52,-22.5,-91.56
-16.14,-23.56,-91.71
-15.98,-24.27,-91.75
-15.79,-25.19,-91.92
-15.82,-26.43,-92.28
-15.98,-27.31,-92.48
-15.93,-27.91,-92.69
-15.78,-28.78,-92.93
-15.86,-29.46,-92.96
-15.92,-29.84,-92.9
-15.93,-30.06,-92.84
-15.93,-30.05,-92.86
-15.9,-29.86,-92.91
-15.88,-29.93,-92.95
-15.93,-30.49,-93.01
-15.91,-31.08,-93.16
-15.94,-31.28,-93.19
-16.08,-31.48,-93.33
-16.22,-31.88,-93.55
-16.29,-32.52,-93.78
-16.21,-33.52,-94.04
-16.02,-34.16,-94.21
-15.98,-34.71,-94.49
-16,-35.3,-94.67
-16.09,-35.5,-94.58
-15.93,-35.51,-94.35
-15.77,-36.06,-94.21
-15.69,-36.51,-94.55
-15.54,-36.88,-94.85
-15.22,-37.04,-95.44
-15.13,-37.18,-95.54
-14.87,-37.42,-95.54
-14.85,-37.77,-95.54
-14.96,-37.92,-95.62
-14.94,-38.02,-95.63
-14.62,-38.49,-95.63
-14.49,-38.92,-95.74
-14.36,-38.99,-96
-14.22,-39.06,-96.22
-14.08,-39.21,-96.3
-13.91,-39.19,-96.36
-13.51,-39.75,-96.31
-13.13,-39.82,-96.39
-12.89,-39.76,-96.43
-12.64,-40.06,-96.39
-12.57,-40.18,-96.23
-12.58,-40.2,-96.13
-12.58,-39.96,-96.02
-12.5,-39.6,-95.79
-12.42,-39.37,-95.46
-12.35,-38.97,-95.03
-12.3,-38.27,-94.74
-12.07,-37.27,-94.55
-11.85,-36.55,-94.23
-11.62,-35.63,-94.01
-11.48,-34.3,-93.72
-11.45,-32.92,-93.23
-11.46,-31.48,-92.88
-11.47,-30.34,-92.76
-11.53,-29.05,-92.72
-11.68,-28.44,-92.58
-11.73,-27.93,-92.33
-11.7,-27.38,-92.04
-11.76,-26.08,-91.66
-11.76,-24.95,-91.25
-11.7,-24.06,-90.99
-11.56,-23.1,-90.6
-11.48,-22,-90.17
-11.39,-21.17,-89.71
-11.32,-20.42,-89.17
-11.17,-19.42,-88.4
-11.1,-18.57,-87.85
-11.11,-17.67,-87.38
-11.14,-16.91,-87.03
-11.24,-16.28,-86.65
-11.27,-15.45,-86.29
-11.28,-14.27,-85.92
-11.32,-13.58,-85.56
-11.41,-12.72,-85.34
-11.47,-11.91,-85.14
-11.56,-10.97,-85.01
-11.64,-10.38,-84.96
-11.74,-9.99,-85.07
-11.78,-9.25,-85.34
-11.79,-8.5,-85.58
-11.88,-7.91,-85.67
-11.98,-7.53,-85.74
-12.06,-7.06,-85.78
-12.11,-6.55,-85.71
-12.17,-6.02,-85.56
-12.16,-5.45,-85.27
-12.07,-4.65,-84.82
-12.08,-4.19,-84.4
-12.15,-3.81,-83.9
-12.11,-3.52,-83.57
-12.12,-3.21,-83.34
-12.17,-2.87,-83.15
-12.12,-2.42,-82.91
-12.09,-2.01,-82.74
-12.07,-1.53,-82.52
-12.09,-1.14,-82.39
-12.09,-0.54,-82.38
-12.08,0.11,-82.27
-12.07,0.72,-82.05
-12.01,1.24,-81.75
-12.04,1.7,-81.65
-11.9,2.11,-81.41
-11.91,2.41,-81.36
-11.98,2.64,-81.46
-12.04,2.91,-81.49
-12.06,3.16,-81.53
-12.18,3.23,-81.66
-12.27,3.35,-81.75
-12.25,3.47,-81.74
-12.22,3.56,-81.7
-12.25,3.65,-81.72
-12.25,3.76,-81.85
-12.24,3.87,-81.88
-12.2,4.08,-81.86
-12.13,4.29,-81.83
-12.16,4.43,-81.92
-12.13,4.59,-82
-12.06,4.78,-82.05
-12.05,4.93,-82.03
-12.04,5.04,-82.05
-11.98,5.2,-82.02
-11.94,5.34,-82
-11.95,5.36,-82
-11.94,5.41,-81.99
-11.93,5.45,-81.91
-11.94,5.5,-81.97
-11.94,5.57,-82.06
-11.94,5.58,-82.08
-11.96,5.58,-82.15
-12.02,5.45,-82.29
-12,5.34,-82.36
-11.91,5.21,-82.39
-11.82,4.99,-82.46
-11.73,4.58,-82.56
-11.68,4.11,-82.7
-11.6,3.59,-82.86
-11.55,3.1,-83.07
-11.6,2.51,-83.27
-11.6,1.88,-83.32
-11.56,1.32,-83.41
-11.49,0.95,-83.53
-11.53,0.31,-83.76
-11.63,-0.59,-84.21
-11.63,-1.55,-84.56
-11.66,-2.24,-84.85
-11.77,-3.01,-85.12
-12.01,-3.95,-85.34
-12.17,-4.97,-85.62
-12.34,-6.06,-85.95
-12.62,-7.43,-86.44
-12.76,-8.86,-86.79
-12.88,-10.23,-87.11
-12.9,-11.59,-87.35
-12.9,-12.91,-87.53
-12.78,-13.71,-87.23
-12.79,-14.15,-87.41
-12.77,-14.47,-87.73
-12.75,-14.82,-87.91
-12.66,-15.33,-87.97
-12.66,-15.8,-88.14
-12.74,-16.64,-88.48
-12.88,-17.42,-88.76
-12.95,-18.07,-88.92
-13.02,-19.4,-89.04
-13.18,-21.15,-89.27
-13.35,-22.13,-89.67
-13.44,-23.54,-90.22
-13.54,-24.82,-90.72
-13.73,-25.64,-91.07
-13.72,-26.26,-91.2
-13.62,-26.52,-91.15
-13.46,-27.11,-91.09
-13.31,-27.86,-91.18
-13.29,-28.14,-91.43
-13.21,-28.54,-91.75
-13.18,-29,-91.96
-13.15,-29.44,-91.98
-13.07,-29.96,-92.04
-13.01,-30.1,-92.05
-13.01,-30.07,-91.99
-13.03,-30.27,-92.17
-13.11,-30.94,-92.6
-13.14,-31.15,-92.86
-13.16,-30.96,-93
-13.11,-30.91,-93.15
-13.01,-30.93,-93.11
-12.97,-30.78,-93.16
-12.94,-30.64,-93.14
-12.88,-30.38,-93.01
-12.82,-30.36,-92.76
-12.8,-30.32,-92.69
-12.75,-30.03,-92.75
-12.57,-29.47,-92.79
-12.34,-29.18,-92.79
-12.23,-28.89,-92.63
-12.16,-28.37,-92.43
-12.03,-27.73,-91.78
-11.89,-27.38,-91.03
-11.84,-26.91,-90.25
-11.82,-26.49,-89.48
-11.84,-26.34,-89.14
-11.85,-25.96,-88.84
-11.77,-25.41,-88.54
-11.72,-25.24,-88.3
-11.7,-25.01,-88.05
-11.61,-24.65,-87.79
-11.33,-23.99,-87.22
-11.09,-23.31,-86.72
-11.01,-23,-86.65
-10.95,-22.54,-86.76
-11.02,-22.09,-87.18
-11.13,-21.72,-87.6
-11.28,-21.07,-88.04
-11.43,-20.05,-88.62
-11.61,-18.85,-89.03
-11.66,-17.82,-89.11
-11.54,-16.55,-88.04
-11.33,-15.31,-86.96
-11.09,-14.31,-86.12
-10.92,-13.37,-85.02
-10.58,-12.59,-83.97
-10.41,-11.75,-83.4
-10.29,-10.95,-83.27
-10.27,-10.52,-83.32
-10.34,-10.18,-83.43
-10.36,-9.68,-83.53
-10.33,-9.19,-83.55
-10.27,-8.57,-83.52
-10.22,-7.87,-83.51
-10.21,-7.29,-83.56
-10.16,-6.77,-83.53
-10.14,-6.31,-83.44
-10.08,-5.74,-83.2
-10.06,-5.26,-83.06
-10.09,-5.03,-82.78
-10.09,-4.7,-82.5
-9.69,-3.87,-81.63
-9.35,-3.25,-80.92
-9.32,-2.83,-80.68
-9.5,-2.42,-80.57
-9.57,-2.07,-80.35
-9.69,-1.87,-80.33
-9.83,-1.62,-80.37
-9.95,-1.44,-80.38
-10.05,-1.19,-80.41
-10.01,-0.95,-80.37
-9.92,-0.69,-80.31
-9.87,-0.39,-80.29
-9.95,-0.24,-80.32
-10.03,-0.27,-80.26
-10.09,-0.27,-80.29
-10.13,-0.35,-80.3
-10.17,-0.42,-80.36
-10.26,-0.52,-80.44
-10.3,-0.58,-80.53
-10.42,-0.72,-80.62
-10.49,-0.8,-80.62
-10.58,-0.84,-80.61
-10.77,-0.93,-80.59
-10.87,-1.15,-80.61
-10.92,-1.29,-80.67
-10.92,-1.25,-80.65
-10.94,-1.23,-80.62
-11.01,-1.29,-80.6
-11.06,-1.46,-80.63
-11.13,-1.56,-80.61
-11.19,-1.44,-80.6
-11.26,-1.3,-80.57
-11.31,-1.18,-80.55
-11.33,-1.22,-80.51
-11.39,-1.23,-80.5
-11.47,-1.31,-80.5
-11.57,-1.27,-80.52
-11.61,-1.18,-80.53
-11.66,-1.13,-80.51
-11.65,-1.08,-80.53
-11.63,-1.09,-80.54
-11.7,-0.76,-80.43
-11.76,-0.75,-80.41
-11.82,-0.66,-80.41
-11.86,-0.62,-80.41
-11.88,-0.52,-80.44
-11.92,-0.36,-80.46
-12.1,0.1,-80.32
-12.25,0.5,-80.26
-12.32,0.73,-80.14
-12.52,0.8,-80.07
-12.71,0.92,-80.04
-12.86,1.1,-80.01
-12.91,1.26,-80.05
-12.93,1.47,-80.09
-12.85,1.58,-80.05
-12.8,1.71,-80.02
-12.82,2.18,-79.89
-12.83,2.63,-79.79
-12.95,3.01,-79.71
-13.09,3.36,-79.73
-13.09,3.68,-79.69
-13.18,3.86,-79.68
-13.27,3.99,-79.66
-13.3,4.07,-79.63
-13.26,4.17,-79.6
-13.17,4.42,-79.55
-13.15,4.5,-79.55
-13.12,4.66,-79.5
-13.07,4.7,-79.49
-13.12,4.75,-79.52
-13.17,4.66,-79.53
-13.27,4.61,-79.54
-13.4,4.54,-79.62
-13.47,4.47,-79.67
-13.53,4.48,-79.73
-13.56,4.43,-79.69
-13.63,4.48,-79.7
-13.7,4.46,-79.68
-13.72,4.48,-79.68
-13.73,4.46,-79.7
-13.75,4.49,-79.73
-13.67,4.38,-79.73
-13.76,4.6,-79.66
-13.69,4.64,-79.65
-13.5,4.56,-79.68
-13.48,4.48,-79.71
-13.71,4.78,-79.82
-13.86,4.86,-79.74
-14.09,4.82,-79.66
-14.21,4.91,-79.47
-14.33,4.85,-79.43
-14.58,4.75,-79.43
-14.75,4.72,-79.46
-14.84,4.7,-79.47
-14.83,4.69,-79.47
-14.71,4.77,-79.52
-14.59,4.88,-79.55
-14.51,4.94,-79.53
-14.49,4.93,-79.5
-14.51,4.96,-79.49
-14.55,4.98,-79.42
-14.6,5.04,-79.38
-14.67,5.06,-79.29
-14.71,5.11,-79.27
-14.71,5.18,-79.23
-14.73,5.25,-79.19
-14.74,5.36,-79.13
-14.66,5.49,-79.09
-14.61,5.52,-79.01
-14.63,5.58,-78.95
-14.66,5.66,-78.87
-14.71,5.78,-78.79
-14.75,5.84,-78.75
-14.74,5.9,-78.66
-14.74,6,-78.6
-14.77,6.08,-78.55
-14.8,6.16,-78.53
-14.75,6.33,-78.44
-14.77,6.46,-78.36
-14.82,6.6,-78.17
-14.93,6.71,-78.08
-15,6.94,-77.96
-15.15,7.09,-77.92
-15.35,7.26,-77.96
-15.51,7.41,-77.99
-15.61,7.61,-77.99
-15.65,7.83,-77.99
-15.65,8.02,-77.86
-15.66,7.98,-77.86
-15.69,8.1,-77.91
-15.74,8.29,-77.97
-15.69,8.36,-78
-15.64,8.42,-78.04
-15.65,8.35,-78.08
-15.62,8.26,-78.13
-15.53,8.22,-78.17
-15.47,8.18,-78.22
-15.4,8.09,-78.27
-15.3,7.93,-78.3
-15.24,7.86,-78.38
-15.17,7.81,-78.44
-15.11,7.76,-78.47
-15.06,7.72,-78.44
-15.09,7.69,-78.43
-15.12,7.73,-78.43
-15.19,7.8,-78.46
-15.29,7.84,-78.48
-15.33,7.87,-78.47
-15.32,7.95,-78.44
-15.3,8.02,-78.42
-15.29,8.03,-78.4
-15.31,8.05,-78.39
-15.38,8.02,-78.39
-15.47,8.04,-78.41
-15.59,8,-78.39
-15.74,8.01,-78.37
-15.88,8.03,-78.41
-15.99,8.03,-78.44
-15.72,8.15,-78.3
-15.69,8.02,-78.28
-15.7,7.94,-78.3
-15.68,7.74,-78.31
-15.64,7.5,-78.31
-15.61,7.26,-78.24
-15.57,6.99,-78.21
-15.55,6.72,-78.16
-15.47,6.56,-78.18
-15.44,6.4,-78.18
-15.37,6.17,-78.17
-15.16,5.78,-77.99
-15.03,5.36,-77.89
-14.93,5.03,-77.74
-14.85,4.85,-77.83
-14.68,4.73,-77.84
-14.64,4.75,-77.86
-14.55,4.81,-77.81
-14.35,4.77,-77.68
-14.22,4.54,-77.59
-14.1,4.36,-77.56
-13.98,4.22,-77.51
-13.78,4.06,-77.44
-13.55,3.89,-77.36
-13.43,3.86,-77.36
-13.27,3.9,-77.34
-13.23,3.77,-77.37
-13.19,3.64,-77.38
-13.25,3.58,-77.36
-13.25,3.55,-77.2
-13.22,3.57,-77.14
-13.18,3.62,-77.14
-13.14,3.41,-77.14
-13.13,3.26,-77.15
-13.22,3.31,-77.21
-13.31,3.52,-77.26
-13.28,3.56,-77.21
-13.25,3.52,-77.24
-13.3,3.58,-77.3
-13.3,3.61,-77.21
-13.27,3.58,-77.18
-13.24,3.55,-77.2
-13.21,3.54,-77.2
-13.22,3.58,-77.25
-13.31,3.74,-77.35
-13.4,3.98,-77.46
-13.44,4.21,-77.51
-13.58,4.34,-77.57
-13.68,4.57,-77.58
-13.74,4.72,-77.57
-13.72,4.75,-77.56
-13.69,4.78,-77.62
-13.7,4.85,-77.73
-13.65,4.84,-77.74
-13.54,4.85,-77.7
-13.52,4.77,-77.69
-13.56,4.72,-77.74
-13.54,4.69,-77.76
-13.51,4.62,-77.76
-13.45,4.57,-77.77
-13.45,4.57,-77.77
-13.41,4.56,-77.73
-13.35,4.48,-77.71
-13.32,4.42,-77.7
-13.33,4.43,-77.7
-13.32,4.44,-77.68
-13.29,4.41,-77.73
-13.31,4.39,-77.75
-13.3,4.36,-77.77
-13.33,4.38,-77.78
-13.35,4.43,-77.79
-13.38,4.72,-77.72
-13.26,5.02,-77.79
-12.99,5.44,-77.98
-12.54,5.7,-78.02
-12.09,5.87,-77.93
-11.81,5.77,-77.85
-11.67,5.56,-77.73
-11.7,5.27,-77.64
-11.76,5.05,-77.68
-11.83,4.81,-77.76
-11.92,4.6,-77.8
-11.97,4.52,-77.84
-12.12,4.32,-77.83
-12.19,4.1,-78
-12.23,4.01,-78.15
-12.2,3.87,-78.13
-11.99,3.66,-77.99
-10.94,3.4,-77.85
-9.78,3.04,-77.67
-9.03,3,-77.51
-8.86,2.57,-77.59
-8.63,2.45,-77.63
-8.55,2.27,-77.64
-8.56,2.12,-77.62
-8.69,1.94,-77.47
-8.69,1.74,-77.38
-8.76,1.69,-77.39
-8.88,1.62,-77.41
-8.76,1.58,-77.41
-8.67,1.6,-77.39
-8.71,1.59,-77.23
-8.97,1.66,-77.08
-9.14,1.53,-75.42
-9.42,1.65,-74.87
-9.38,1.73,-74.61
-9.26,1.78,-74.16
-9.26,1.83,-73.89
-9.44,1.89,-73.74
-9.55,1.87,-73.65
-9.53,1.86,-73.63
-9.52,1.9,-73.59
-9.43,1.92,-73.56
-9.31,1.95,-73.55
-9.24,1.99,-73.54
-9.16,2.02,-73.52
-9.05,2.03,-73.52
-8.95,2.04,-73.51
-8.88,2.05,-73.5
-8.8,2.03,-73.51
-8.72,2.02,-73.51
-8.67,2.01,-73.51
-8.64,2.02,-73.51
-8.67,2.03,-73.5
-8.74,2.05,-73.49
-8.79,2.06,-73.49
-8.81,2.04,-73.49
-8.83,2.05,-73.48
-8.82,2.08,-73.47
-8.76,2.1,-73.46
-8.7,2.11,-73.46
-8.68,2.13,-73.46
-8.69,2.15,-73.45
-8.7,2.2,-73.43
-8.7,2.24,-73.4
-8.68,2.26,-73.38
-8.64,2.28,-73.37
-8.58,2.31,-73.37
-8.61,2.32,-73.36
-8.73,2.34,-73.36
-8.9,2.35,-73.35
-8.94,2.39,-73.35
-8.92,2.39,-73.34
-8.92,2.4,-73.34
-8.97,2.42,-73.29
-8.94,2.43,-73.24
-8.85,2.41,-73.23
-8.76,2.44,-73.21
-8.67,2.48,-73.16
-8.57,2.51,-73.13
-8.46,2.53,-73.09
-8.28,2.52,-73.07
-8.1,2.53,-73.04
-7.95,2.54,-73.01
-7.82,2.55,-72.95
-7.71,2.56,-72.88
-7.59,2.53,-72.79
-7.5,2.52,-72.68
-7.44,2.51,-72.57
-7.39,2.52,-72.47
-7.3,2.5,-72.42
-7.21,2.49,-72.37
-7.14,2.48,-72.31
-7.11,2.47,-72.26
-7.11,2.49,-72.17
-7.06,2.53,-72.07
-6.91,2.59,-71.96
-6.76,2.63,-71.88
-6.63,2.62,-71.83
-6.54,2.6,-71.81
-6.46,2.57,-71.79
-6.38,2.55,-71.78
-6.33,2.56,-71.76
-6.35,2.58,-71.74
-6.38,2.61,-71.7
-6.41,2.65,-71.66
-6.44,2.67,-71.62
-6.45,2.7,-71.57
-6.43,2.73,-71.53
-6.38,2.71,-71.52
-6.36,2.7,-71.51
-6.36,2.7,-71.51
-6.36,2.71,-71.5
-6.38,2.73,-71.47
-6.38,2.74,-71.45
-6.38,2.75,-71.43
-6.39,2.75,-71.42
