,angle_x,angle_y,angle_z,target
0,3.34,6.86,-3.94,0
1,3.28,6.67,-3.94,0
2,3.21,6.48,-3.94,0
3,3.13,6.3,-3.94,0
4,3.07,6.2,-3.96,0
5,3.03,6.1,-3.99,0
6,2.95,5.97,-4.02,0
7,2.89,5.88,-4.05,0
8,2.83,5.82,-4.1,0
9,2.78,5.8,-4.16,0
10,2.72,5.76,-4.21,0
11,2.66,5.71,-4.25,0
12,2.6,5.65,-4.33,0
13,2.53,5.61,-4.43,0
14,2.46,5.56,-4.51,0
15,2.38,5.46,-4.57,0
16,2.3,5.41,-4.65,0
17,2.23,5.32,-4.71,0
18,2.15,5.3,-4.74,0
19,2.12,5.24,-4.83,0
20,2.08,5.22,-5.01,0
21,2.04,5.27,-5.23,0
22,1.96,4.89,-5.27,0
23,1.93,4.91,-5.39,0
24,1.89,4.9,-5.47,0
25,1.86,4.87,-5.53,0
26,1.83,4.8,-5.57,0
27,1.77,4.74,-5.58,0
28,1.72,4.69,-5.55,0
29,1.68,4.64,-5.51,0
30,1.62,4.55,-5.49,0
31,1.55,4.43,-5.48,0
32,1.5,4.33,-5.47,0
33,1.47,4.25,-5.46,0
34,1.43,4.14,-5.35,0
35,1.38,4.05,-5.29,0
36,1.32,3.98,-5.26,0
37,1.29,3.92,-5.22,0
38,1.28,3.84,-5.18,0
39,1.23,3.75,-5.16,0
40,1.18,3.65,-5.13,0
41,1.15,3.56,-5.12,0
42,1.12,3.48,-5.11,0
43,1.09,3.41,-5.08,0
44,1.06,3.35,-5.06,0
45,1.03,3.28,-5.04,0
46,0.99,3.21,-5.03,0
47,0.95,3.15,-5.02,0
48,0.91,3.1,-5.01,0
49,0.87,3.06,-5.0,0
50,0.82,3.0,-4.98,0
51,0.79,2.94,-4.98,0
52,0.76,2.9,-4.97,0
53,0.73,2.85,-4.96,0
54,0.7,2.8,-4.95,0
55,0.69,2.72,-4.94,0
56,0.66,2.67,-4.94,0
57,0.65,2.63,-4.93,0
58,0.63,2.57,-4.93,0
59,0.6,2.51,-4.92,0
60,0.58,2.47,-4.91,0
61,0.55,2.43,-4.89,0
62,0.52,2.38,-4.86,0
63,0.49,2.31,-4.85,0
64,0.47,2.26,-4.84,0
65,0.46,2.22,-4.83,0
66,0.45,2.19,-4.82,0
67,0.42,2.15,-4.81,0
68,0.4,2.12,-4.81,0
69,0.38,2.09,-4.8,0
70,0.36,2.06,-4.75,0
71,0.33,2.02,-4.73,0
72,0.32,1.98,-4.72,0
73,0.3,1.93,-4.7,0
74,0.29,1.89,-4.7,0
75,0.28,1.86,-4.69,0
76,0.26,1.81,-4.69,0
77,0.23,1.76,-4.68,0
78,0.21,1.71,-4.67,0
79,0.2,1.69,-4.67,0
80,0.18,1.66,-4.66,0
81,0.16,1.64,-4.65,0
82,0.14,1.61,-4.64,0
83,0.12,1.58,-4.63,0
84,0.11,1.56,-4.63,0
85,0.11,1.51,-4.62,0
86,0.1,1.5,-4.61,0
87,0.09,1.49,-4.61,0
88,0.07,1.46,-4.6,0
89,0.06,1.45,-4.59,0
90,0.05,1.42,-4.59,0
91,0.03,1.4,-4.58,0
92,0.01,1.38,-4.57,0
93,0.0,1.37,-4.56,0
94,0.0,1.36,-4.54,0
95,0.0,1.34,-4.52,0
96,-0.03,1.31,-4.5,0
97,-0.05,1.26,-4.48,0
98,-0.07,1.23,-4.47,0
99,-0.09,1.2,-4.46,0
100,-0.09,1.18,-4.43,0
101,-0.11,1.19,-4.41,0
102,-0.12,1.17,-4.4,0
103,-0.13,1.16,-4.38,0
104,-0.14,1.14,-4.36,0
105,-0.15,1.12,-4.35,0
106,-0.14,1.11,-4.34,0
107,-0.15,1.06,-4.32,0
108,-0.15,1.0,-4.3,0
109,-0.15,0.95,-4.29,0
110,-0.16,0.9,-4.29,0
111,-0.18,0.87,-4.26,0
112,-0.18,0.81,-4.22,0
113,-0.2,0.76,-4.19,0
114,-0.19,0.75,-4.17,0
115,-0.19,0.74,-4.15,0
116,-0.19,0.72,-4.13,0
117,-0.21,0.69,-4.09,0
118,-0.22,0.66,-4.09,0
119,-0.23,0.65,-4.09,0
120,-0.25,0.63,-4.1,0
121,-0.28,0.62,-4.11,0
122,-0.28,0.61,-4.11,0
123,-0.29,0.6,-4.12,0
124,-0.3,0.59,-4.12,0
125,-0.3,0.58,-4.12,0
126,-0.3,0.58,-4.12,0
127,-0.28,0.55,-4.12,0
128,-0.27,0.51,-4.12,0
129,-0.27,0.45,-4.12,0
130,-0.28,0.41,-4.13,0
131,-0.28,0.39,-4.14,0
132,-0.28,0.38,-4.14,0
133,-0.29,0.38,-4.14,0
134,-0.29,0.41,-4.15,0
135,-0.28,0.41,-4.15,0
136,-0.27,0.38,-4.18,0
137,-0.26,0.32,-4.21,0
138,-0.26,0.29,-4.24,0
139,-0.26,0.28,-4.24,0
140,-0.27,0.28,-4.23,0
141,-0.27,0.27,-4.22,0
142,-0.26,0.25,-4.21,0
143,-0.25,0.25,-4.21,0
144,-0.25,0.26,-4.21,0
145,-0.25,0.27,-4.21,0
146,-0.26,0.29,-4.2,0
147,-0.26,0.27,-4.19,0
148,-0.27,0.25,-4.18,0
149,-0.3,0.2,-4.17,0
150,-0.33,0.16,-4.17,0
151,-0.36,0.15,-4.17,0
152,-0.36,0.13,-4.17,0
153,-0.37,0.13,-4.18,0
154,-0.35,0.12,-4.18,0
155,-0.35,0.12,-4.18,0
156,-0.34,0.15,-4.18,0
157,-0.36,0.15,-4.18,0
158,-0.37,0.12,-4.19,0
159,-0.4,0.1,-4.19,0
160,-0.42,0.09,-4.19,0
161,-0.43,0.08,-4.18,0
162,-0.43,0.04,-4.19,0
163,-0.44,-0.02,-4.2,0
164,-0.44,-0.03,-4.2,0
165,-0.44,-0.02,-4.19,0
166,-0.46,0.02,-4.16,0
167,-0.5,0.04,-4.13,0
168,-0.53,0.06,-4.11,0
169,-0.55,0.07,-4.1,0
170,-0.55,0.1,-4.09,0
171,-0.54,0.15,-4.09,0
172,-0.53,0.22,-4.08,0
173,-0.52,0.33,-4.07,0
174,-0.5,0.39,-4.05,0
175,-0.49,0.41,-4.04,0
176,-0.5,0.41,-4.02,0
177,-0.5,0.42,-4.01,0
178,-0.51,0.46,-4.0,0
179,-0.51,0.48,-3.99,0
180,-0.46,0.59,-4.01,0
181,-0.4,0.72,-4.01,0
182,-0.39,0.85,-3.99,0
183,-0.4,0.99,-3.98,0
184,-0.52,1.14,-3.95,0
185,-0.65,1.24,-3.93,0
186,-0.74,1.24,-3.91,0
187,-0.8,1.23,-3.89,0
188,-0.84,1.26,-3.89,0
189,-0.94,1.31,-3.87,0
190,-1.06,1.41,-3.86,0
191,-1.28,1.47,-3.85,0
192,-1.74,1.48,-3.84,0
193,-2.2,1.5,-3.83,0
194,-2.78,1.55,-3.79,0
195,-3.25,1.57,-3.76,0
196,-3.59,1.67,-3.69,0
197,-3.81,1.74,-3.62,0
198,-3.94,1.79,-3.59,0
199,-4.1,1.86,-3.58,0
200,-4.23,1.93,-3.56,0
201,-4.33,1.99,-3.56,0
202,-4.48,2.05,-3.55,0
203,-4.82,2.14,-3.53,0
204,-5.33,2.3,-3.49,0
205,-5.92,2.47,-3.45,0
206,-6.33,2.68,-3.46,0
207,-6.77,2.77,-3.42,0
208,-7.1,2.9,-3.39,0
209,-7.47,3.13,-3.38,0
210,-7.77,3.32,-3.37,0
211,-8.03,3.39,-3.36,0
212,-8.4,3.47,-3.34,0
213,-8.6,3.63,-3.34,0
214,-8.67,3.74,-3.35,0
215,-8.68,3.75,-3.35,0
216,-8.7,3.75,-3.35,0
217,-8.72,3.74,-3.36,0
218,-8.93,3.7,-3.36,0
219,-9.36,3.81,-3.35,0
220,-9.92,4.0,-3.35,0
221,-10.33,4.03,-3.33,0
222,-10.95,4.22,-3.31,0
223,-11.6,4.35,-3.29,0
224,-12.0,4.47,-3.27,0
225,-12.21,4.58,-3.26,0
226,-12.53,4.57,-3.27,0
227,-12.91,4.59,-3.38,0
228,-13.5,4.68,-3.52,0
229,-14.23,4.59,-3.52,0
230,-14.79,4.78,-3.68,0
231,-15.14,5.22,-3.71,0
232,-15.8,5.22,-3.68,0
233,-16.59,5.16,-3.7,0
234,-17.91,5.15,-3.73,0
235,-18.75,5.29,-3.74,0
236,-19.35,5.4,-3.75,0
237,-19.93,5.46,-3.73,0
238,-20.33,5.6,-3.71,0
239,-21.02,5.78,-3.72,0
240,-22.07,6.08,-3.67,0
241,-22.87,6.26,-3.62,0
242,-23.48,6.33,-3.67,0
243,-24.0,6.56,-3.55,0
244,-24.65,6.68,-3.48,0
245,-25.2,6.63,-3.47,0
246,-25.39,6.62,-3.46,0
247,-25.47,6.7,-3.46,0
248,-25.71,6.87,-3.44,0
249,-26.1,7.02,-3.47,0
250,-26.51,6.99,-3.51,0
251,-26.97,6.99,-3.51,0
252,-27.57,7.24,-3.56,0
253,-28.34,7.41,-3.65,0
254,-28.86,7.64,-3.72,0
255,-29.13,7.84,-3.83,0
256,-29.27,8.14,-3.82,0
257,-29.59,8.23,-3.9,0
258,-30.16,8.0,-4.13,0
259,-31.02,7.97,-4.32,0
260,-32.03,8.25,-4.51,0
261,-32.21,8.23,-5.11,0
262,-32.59,8.23,-5.63,0
263,-33.03,8.24,-5.8,0
264,-33.24,8.25,-5.97,0
265,-33.23,8.17,-6.11,0
266,-33.25,8.03,-6.23,0
267,-33.48,7.96,-6.35,0
268,-33.73,8.02,-6.45,0
269,-34.05,8.07,-6.51,0
270,-34.4,8.06,-6.48,0
271,-35.0,7.78,-6.47,0
272,-35.59,7.63,-6.58,0
273,-36.13,7.56,-6.66,0
274,-36.57,7.47,-6.66,0
275,-37.05,7.37,-6.77,0
276,-37.7,7.42,-6.92,0
277,-38.3,7.56,-6.95,0
278,-38.75,7.51,-6.9,0
279,-39.1,7.43,-6.76,0
280,-39.37,7.42,-6.51,0
281,-39.63,7.49,-6.13,0
282,-40.21,7.15,-5.78,0
283,-40.99,6.87,-5.54,0
284,-41.83,6.9,-5.39,0
285,-42.21,6.99,-5.35,0
286,-42.37,6.78,-5.37,0
287,-42.54,6.62,-5.52,0
288,-42.73,6.6,-5.68,0
289,-42.81,6.54,-5.69,0
290,-42.88,6.5,-5.61,0
291,-43.2,6.59,-5.5,0
292,-43.73,6.96,-5.28,0
293,-44.05,7.1,-5.34,0
294,-44.13,7.16,-5.38,0
295,-44.2,7.35,-5.42,0
296,-44.26,7.59,-5.45,0
297,-44.36,7.62,-5.48,0
298,-44.46,7.66,-5.53,0
299,-44.58,7.69,-5.6,0
300,-44.95,7.57,-5.7,0
301,-44.99,7.54,-5.8,0
302,-45.21,7.47,-5.96,0
303,-45.54,7.41,-6.13,0
304,-46.52,7.6,-6.38,0
305,-46.71,7.85,-6.51,0
306,-47.2,8.24,-6.65,0
307,-47.51,8.59,-6.71,0
308,-47.6,8.68,-6.76,0
309,-47.62,8.67,-6.8,0
310,-47.66,8.74,-6.82,0
311,-47.71,8.97,-6.8,0
312,-48.31,9.08,-6.81,0
313,-48.62,9.23,-6.84,0
314,-48.68,9.34,-6.83,0
315,-48.72,9.3,-6.81,0
316,-48.79,9.24,-6.77,0
317,-48.93,9.3,-6.75,0
318,-49.01,9.35,-6.72,0
319,-49.05,9.34,-6.7,0
320,-49.09,9.25,-6.67,0
321,-49.11,9.3,-6.63,0
322,-49.14,9.27,-6.57,0
323,-49.19,9.44,-6.54,0
324,-49.24,9.49,-6.5,0
325,-49.28,9.51,-6.45,0
326,-49.29,9.47,-6.4,0
327,-49.32,9.52,-6.36,0
328,-49.36,9.63,-6.32,0
329,-49.4,9.7,-6.27,0
330,-49.44,9.65,-6.23,0
331,-49.45,9.49,-6.19,0
332,-49.48,9.4,-6.16,0
333,-49.51,9.42,-6.11,0
334,-49.52,9.35,-6.06,0
335,-49.5,9.3,-6.01,0
336,-49.56,9.26,-5.97,0
337,-49.6,9.25,-5.91,0
338,-49.63,9.28,-5.83,0
339,-49.45,9.38,-5.73,0
340,-49.38,9.43,-5.65,0
341,-49.48,9.27,-5.58,0
342,-49.49,9.14,-5.53,0
343,-49.51,9.17,-5.49,0
344,-49.49,9.12,-5.48,0
345,-49.55,8.88,-5.53,0
346,-49.53,8.54,-5.62,0
347,-49.66,8.57,-5.74,0
348,-49.94,8.6,-5.54,0
349,-49.74,8.77,-5.55,0
350,-49.75,8.68,-5.58,0
351,-49.73,8.52,-5.6,0
352,-49.74,8.33,-5.61,0
353,-49.72,8.17,-5.64,0
354,-49.71,8.09,-5.65,0
355,-49.74,8.17,-5.65,0
356,-50.09,8.28,-5.69,0
357,-50.21,8.43,-5.7,0
358,-50.29,8.58,-5.67,0
359,-50.44,8.78,-5.66,0
360,-50.36,8.75,-5.63,0
361,-50.38,8.73,-5.64,0
362,-50.08,8.66,-5.61,0
363,-50.1,8.53,-5.64,0
364,-50.14,8.43,-5.66,0
365,-50.18,8.38,-5.68,0
366,-50.18,8.32,-5.7,0
367,-50.21,8.35,-5.7,0
368,-50.22,8.42,-5.7,0
369,-50.25,8.3,-5.7,0
370,-50.24,8.03,-5.7,0
371,-50.22,7.81,-5.68,0
372,-50.23,7.86,-5.64,0
373,-50.21,8.01,-5.59,0
374,-50.2,8.08,-5.53,0
375,-50.21,8.11,-5.48,0
376,-50.23,8.17,-5.42,0
377,-50.25,8.12,-5.34,0
378,-50.26,7.88,-5.28,0
379,-50.2,7.77,-5.22,0
380,-50.22,7.87,-5.15,0
381,-50.21,7.89,-5.09,0
382,-50.14,7.76,-5.04,0
383,-50.12,7.64,-5.03,0
384,-50.14,7.57,-5.02,0
385,-50.14,7.47,-5.0,0
386,-50.12,7.28,-4.98,0
387,-50.1,7.19,-4.97,0
388,-50.1,7.43,-4.9,0
389,-50.1,7.82,-4.79,0
390,-50.01,7.95,-4.71,0
391,-49.98,7.96,-4.66,0
392,-49.98,7.96,-4.62,0
393,-49.98,7.94,-4.59,0
394,-49.73,7.88,-4.55,0
395,-49.6,7.67,-4.5,0
396,-49.55,7.46,-4.47,0
397,-49.56,7.49,-4.44,0
398,-49.56,7.67,-4.39,0
399,-49.54,7.76,-4.34,0
400,-49.25,7.8,-4.29,0
401,-49.14,7.72,-4.25,0
402,-49.04,7.64,-4.23,0
403,-49.01,7.58,-4.21,0
404,-48.93,7.54,-4.21,0
405,-48.72,7.54,-4.21,0
406,-48.47,7.57,-4.18,0
407,-48.29,7.49,-4.14,0
408,-48.14,7.29,-4.09,0
409,-47.71,7.35,-4.0,0
410,-47.66,7.34,-3.95,0
411,-47.49,7.43,-3.85,0
412,-47.1,7.48,-3.72,0
413,-47.02,7.35,-3.69,0
414,-47.0,7.28,-3.68,0
415,-47.16,7.31,-3.7,0
416,-47.17,7.36,-3.73,0
417,-47.16,7.37,-3.79,0
418,-47.15,7.34,-3.87,0
419,-47.08,7.3,-3.94,0
420,-47.05,7.18,-4.01,0
421,-46.91,7.01,-4.08,0
422,-46.76,6.88,-4.13,0
423,-46.61,6.84,-4.17,0
424,-46.44,6.76,-4.22,0
425,-46.19,6.69,-4.25,0
426,-46.02,6.54,-4.3,0
427,-45.97,6.32,-4.33,0
428,-45.96,6.14,-4.39,0
429,-45.82,6.13,-4.41,0
430,-45.42,6.18,-4.39,0
431,-45.09,6.16,-4.34,0
432,-44.83,6.13,-4.29,0
433,-44.71,6.08,-4.25,0
434,-44.41,6.09,-4.16,0
435,-44.07,6.11,-4.08,0
436,-43.88,6.11,-4.04,0
437,-43.74,6.05,-4.01,0
438,-43.3,6.48,-3.85,0
439,-42.91,6.4,-3.8,0
440,-41.64,6.99,-3.86,0
441,-41.19,6.97,-3.83,0
442,-41.01,6.63,-3.82,0
443,-40.94,6.58,-3.81,0
444,-40.89,6.69,-3.8,0
445,-40.01,7.08,-3.74,0
446,-39.5,7.04,-3.72,0
447,-39.09,7.06,-3.7,0
448,-38.66,7.33,-3.66,0
449,-37.96,7.47,-3.6,0
450,-37.08,7.56,-3.49,0
451,-36.04,7.53,-3.39,0
452,-35.51,7.38,-3.32,0
453,-34.97,7.36,-3.09,0
454,-34.43,7.23,-3.0,0
455,-33.63,7.43,-2.9,0
456,-33.05,7.33,-2.86,0
457,-32.85,7.26,-2.86,0
458,-32.39,7.28,-2.84,0
459,-31.89,6.99,-2.84,0
460,-31.15,7.09,-2.79,0
461,-30.55,7.32,-2.7,0
462,-30.09,7.48,-2.68,0
463,-29.8,7.35,-2.67,0
464,-29.11,7.29,-2.61,0
465,-28.33,7.32,-2.55,0
466,-27.66,7.38,-2.48,0
467,-27.17,7.46,-2.45,0
468,-26.83,7.37,-2.48,0
469,-26.39,7.41,-2.46,0
470,-26.02,7.26,-2.48,0
471,-25.8,6.91,-2.55,0
472,-25.35,6.85,-2.48,0
473,-24.75,6.92,-2.44,0
474,-24.15,6.9,-2.46,0
475,-23.47,6.91,-2.4,0
476,-22.68,7.0,-2.34,0
477,-22.43,6.83,-2.37,0
478,-21.93,6.94,-2.32,0
479,-21.55,6.95,-2.29,0
480,-21.21,7.11,-2.28,0
481,-20.91,7.25,-2.25,0
482,-20.68,7.31,-2.24,0
483,-20.34,7.38,-2.22,0
484,-20.0,7.34,-2.21,0
485,-19.58,7.16,-2.2,0
486,-19.51,7.07,-2.21,0
487,-19.44,7.11,-2.22,0
488,-19.3,7.06,-2.22,0
489,-18.8,6.96,-2.19,0
490,-18.0,7.06,-2.13,0
491,-17.82,6.77,-2.12,0
492,-17.07,6.83,-2.01,0
493,-16.63,6.85,-1.94,0
494,-16.46,6.8,-1.91,0
495,-16.25,6.84,-1.88,0
496,-16.01,6.81,-1.85,0
497,-15.16,6.87,-1.8,0
498,-14.47,6.96,-1.67,0
499,-13.63,7.07,-1.59,0
500,-12.87,7.24,-1.53,0
501,-12.25,7.45,-1.46,0
502,-11.85,7.57,-1.41,0
503,-11.54,7.52,-1.43,0
504,-11.18,7.54,-1.38,0
505,-10.84,7.48,-1.36,0
506,-10.38,7.42,-1.32,0
507,-9.88,7.34,-1.3,0
508,-9.04,7.57,-1.03,0
509,-8.45,7.56,-0.86,0
510,-8.12,7.66,-0.96,0
511,-7.68,7.69,-0.93,0
512,-7.29,7.71,-0.81,0
513,-6.97,7.64,-0.66,0
514,-6.77,7.59,-0.64,0
515,-6.29,7.7,-0.61,0
516,-5.91,7.91,-0.59,0
517,-5.42,8.13,-0.57,0
518,-5.15,8.1,-0.54,0
519,-4.86,8.01,-0.52,0
520,-4.58,7.9,-0.5,0
521,-4.38,7.87,-0.48,0
522,-4.23,7.65,-0.46,0
523,-4.14,7.55,-0.44,0
524,-4.04,7.48,-0.43,0
525,-3.89,7.64,-0.43,0
526,-3.53,7.61,-0.41,0
527,-3.28,7.56,-0.38,0
528,-3.19,7.49,-0.37,0
529,-3.15,7.54,-0.36,0
530,-3.1,7.57,-0.36,0
531,-3.02,7.51,-0.35,0
532,-2.77,7.46,-0.33,0
533,-2.55,7.38,-0.3,0
534,-2.48,7.34,-0.3,0
535,-2.43,7.34,-0.29,0
536,-2.34,7.29,-0.27,0
537,-2.13,7.23,-0.25,0
538,-1.96,7.23,-0.22,0
539,-1.81,7.22,-0.21,0
540,-1.76,7.23,-0.19,0
541,-1.76,7.27,-0.17,0
542,-1.7,7.26,-0.05,0
543,-1.57,7.24,0.01,0
544,-1.43,7.18,0.08,0
545,-1.3,7.1,0.17,0
546,-1.23,7.08,0.2,0
547,-1.2,7.12,0.18,0
548,-1.2,7.16,0.17,0
549,-1.17,7.17,0.16,0
550,-1.09,7.15,0.19,0
551,-0.93,7.06,0.24,0
552,-0.83,7.01,0.26,0
553,-0.77,6.99,0.26,0
554,-0.74,6.91,0.19,0
555,-0.71,6.94,0.2,0
556,-0.65,6.93,0.22,0
557,-0.54,6.86,0.28,0
558,-0.45,6.79,0.36,0
559,-0.4,6.78,0.4,0
560,-0.39,6.84,0.38,0
561,-0.37,6.92,0.36,0
562,-0.33,6.97,0.34,0
563,-0.3,7.03,0.35,0
564,-0.28,7.11,0.37,0
565,-0.28,7.18,0.38,0
566,-0.27,7.24,0.38,0
567,-0.24,7.29,0.38,0
568,-0.22,7.31,0.42,0
569,-0.17,7.3,0.49,0
570,-0.11,7.27,0.58,0
571,-0.06,7.24,0.63,0
572,-0.03,7.24,0.64,0
573,-0.02,7.27,0.64,0
574,0.02,7.31,0.67,0
575,0.02,7.38,0.68,0
576,0.02,7.46,0.7,0
577,-0.04,7.52,0.69,0
578,-0.06,7.66,0.66,0
579,-0.13,7.81,0.59,0
580,-0.25,7.97,0.5,0
581,-0.38,8.16,0.4,0
582,-0.55,8.37,0.31,0
583,-0.7,8.59,0.22,0
584,-0.86,8.75,0.16,0
585,-1.01,8.82,0.12,0
586,-1.11,8.95,0.1,0
587,-1.19,9.08,0.09,0
588,-1.2,9.19,0.13,0
589,-1.28,9.29,0.1,0
590,-1.4,9.38,0.0,0
591,-1.46,9.44,-0.06,0
592,-1.46,9.47,-0.05,0
593,-1.46,9.45,-0.05,0
594,-1.45,9.44,-0.05,0
595,-1.51,9.52,-0.05,0
596,-1.51,9.72,-0.05,0
597,-1.52,9.9,-0.06,0
598,-1.59,10.11,-0.06,0
599,-1.7,10.31,-0.08,0
600,-1.79,10.52,-0.09,0
601,-1.81,10.64,-0.08,0
602,-1.86,10.74,-0.09,0
603,-1.94,10.8,-0.1,0
604,-1.96,10.88,-0.1,0
605,-1.96,10.95,-0.09,0
606,-2.07,10.94,-0.1,0
607,-2.49,10.72,-0.16,0
608,-2.54,10.82,-0.17,0
609,-2.55,10.86,-0.16,0
610,-2.66,10.86,-0.17,0
611,-2.78,10.83,-0.19,0
612,-2.78,10.86,-0.2,0
613,-2.78,10.91,-0.2,0
614,-2.89,10.97,-0.21,0
615,-3.08,11.05,-0.23,0
616,-3.27,11.15,-0.25,0
617,-3.34,11.24,-0.26,0
618,-3.39,11.34,-0.27,0
619,-3.69,11.45,-0.3,0
620,-3.96,11.58,-0.33,0
621,-4.12,11.74,-0.36,0
622,-4.44,11.92,-0.4,0
623,-4.61,12.01,-0.41,0
624,-4.76,12.0,-0.43,0
625,-5.95,11.44,-0.58,0
626,-6.53,10.92,-0.63,0
627,-7.12,10.47,-0.69,0
628,-7.58,10.4,-0.73,0
629,-7.98,10.33,-0.77,0
630,-8.37,10.35,-0.82,0
631,-8.74,10.17,-0.87,0
632,-8.85,10.1,-0.89,0
633,-8.87,10.14,-0.89,0
634,-9.14,10.23,-0.93,0
635,-9.28,10.33,-0.95,0
636,-9.44,10.33,-0.97,0
637,-9.59,10.26,-1.0,0
638,-9.69,10.27,-1.0,0
639,-9.76,10.34,-1.0,0
640,-9.78,10.34,-1.0,0
641,-9.99,10.25,-1.04,0
642,-10.37,10.28,-1.08,0
643,-10.82,10.43,-1.13,0
644,-10.98,10.53,-1.14,0
645,-11.03,10.56,-1.14,0
646,-11.31,10.39,-1.18,0
647,-11.69,10.31,-1.23,0
648,-11.99,10.26,-1.27,0
649,-12.34,10.18,-1.32,0
650,-12.55,10.07,-1.34,0
651,-12.71,10.01,-1.35,0
652,-13.15,9.93,-1.4,0
653,-14.13,9.78,-1.54,0
654,-14.45,9.74,-1.5,0
655,-14.56,10.09,-1.5,0
656,-14.57,10.24,-1.5,0
657,-14.9,10.09,-1.84,0
658,-14.74,10.41,-1.86,0
659,-14.56,9.43,-1.91,0
660,-14.89,9.5,-1.95,0
661,-15.24,9.52,-1.99,0
662,-15.49,9.53,-2.04,0
663,-15.94,9.48,-2.1,0
664,-16.27,9.71,-2.17,0
665,-16.75,9.96,-2.29,0
666,-17.42,10.01,-2.41,0
667,-17.9,10.25,-2.53,0
668,-18.72,10.48,-2.72,0
669,-19.31,10.59,-2.84,0
670,-20.55,10.09,-2.92,0
671,-21.38,10.04,-2.94,0
672,-22.2,10.13,-3.07,0
673,-23.35,10.05,-3.19,0
674,-24.46,9.85,-3.33,0
675,-25.04,10.06,-3.36,0
676,-25.36,10.32,-3.35,0
677,-25.99,10.42,-3.38,0
678,-27.33,10.19,-3.56,0
679,-28.15,10.36,-3.7,0
680,-28.94,10.36,-3.78,0
681,-29.86,10.23,-3.85,0
682,-30.43,10.31,-3.92,0
683,-30.9,10.42,-3.97,0
684,-31.83,10.39,-4.09,0
685,-33.08,10.25,-4.22,0
686,-34.06,10.27,-4.37,0
687,-34.81,10.3,-4.49,0
688,-35.84,10.07,-4.59,0
689,-36.79,10.04,-4.73,0
690,-37.61,10.06,-5.01,0
691,-38.43,10.0,-5.29,0
692,-39.21,9.92,-5.5,0
693,-39.84,10.04,-5.59,0
694,-40.63,10.28,-5.66,0
695,-41.31,10.45,-5.85,0
696,-41.87,10.6,-6.05,0
697,-42.32,10.99,-6.17,0
698,-42.96,11.24,-6.31,0
699,-43.56,11.44,-6.57,0
700,-43.95,11.6,-6.88,0
701,-44.16,11.73,-7.11,0
702,-44.38,11.82,-7.19,0
703,-44.58,11.91,-7.22,0
704,-44.85,11.79,-7.28,0
705,-45.14,11.7,-7.4,0
706,-45.54,11.76,-7.54,0
707,-45.69,11.98,-7.64,0
708,-45.82,11.97,-7.74,0
709,-46.3,11.7,-7.92,0
710,-46.81,11.63,-8.0,0
711,-47.05,11.66,-7.97,0
712,-47.06,11.62,-7.84,0
713,-47.15,11.5,-7.71,0
714,-47.13,11.5,-7.66,0
715,-47.11,11.64,-7.74,0
716,-47.46,11.75,-7.93,0
717,-47.87,11.81,-8.12,0
718,-48.06,11.73,-8.28,0
719,-48.15,11.69,-8.31,0
720,-48.32,11.76,-8.08,0
721,-48.33,11.81,-7.79,0
722,-48.21,11.8,-7.46,0
723,-47.99,11.88,-7.11,0
724,-47.65,11.9,-6.66,0
725,-47.11,11.72,-6.32,0
726,-46.24,11.58,-5.85,0
727,-44.87,10.59,-5.49,0
728,-43.71,9.54,-4.62,0
729,-42.74,8.79,-3.96,0
730,-41.85,8.32,-3.14,0
731,-41.16,8.16,-2.64,0
732,-40.55,7.93,-2.17,0
733,-40.09,7.68,-1.93,0
734,-39.68,7.62,-1.99,0
735,-39.26,7.69,-2.11,0
736,-39.11,7.82,-2.43,0
737,-38.86,7.91,-2.58,0
738,-38.43,7.96,-2.71,0
739,-37.69,7.95,-2.84,0
740,-36.86,7.71,-2.93,0
741,-35.83,7.45,-3.04,0
742,-34.96,7.72,-3.25,0
743,-34.32,7.7,-3.26,0
744,-33.56,7.6,-3.04,0
745,-32.78,7.74,-3.23,0
746,-32.19,7.81,-3.41,0
747,-31.75,7.64,-3.52,0
748,-30.51,8.27,-3.67,0
749,-29.2,8.49,-3.49,0
750,-28.4,8.55,-3.35,0
751,-27.34,8.79,-3.25,0
752,-26.39,9.11,-3.17,0
753,-25.59,9.29,-3.09,0
754,-24.7,9.5,-3.01,0
755,-24.02,9.38,-2.82,0
756,-23.37,9.46,-2.67,0
757,-22.97,9.31,-2.6,0
758,-22.58,9.29,-2.5,0
759,-22.09,9.47,-2.52,0
760,-21.54,9.43,-2.53,0
761,-21.17,9.2,-2.54,0
762,-20.66,9.02,-2.42,0
763,-20.36,8.99,-2.5,0
764,-19.97,8.87,-2.49,0
765,-19.26,8.98,-2.52,0
766,-18.4,9.0,-2.53,0
767,-17.81,8.83,-2.47,0
768,-17.01,8.83,-2.31,0
769,-16.4,8.51,-2.3,0
770,-15.64,8.42,-2.17,0
771,-15.3,8.31,-2.16,0
772,-14.95,8.36,-2.12,0
773,-14.31,8.46,-2.02,0
774,-13.71,8.17,-1.91,0
775,-13.14,7.83,-1.72,0
776,-12.54,7.67,-1.51,0
777,-12.0,7.07,-1.07,0
778,-11.64,7.01,-1.07,0
779,-11.01,6.84,-1.02,0
780,-10.1,6.86,-0.83,0
781,-9.53,6.91,-0.73,0
782,-9.14,7.0,-0.67,0
783,-8.65,7.03,-0.52,0
784,-8.02,6.93,-0.31,0
785,-7.51,6.8,-0.02,0
786,-6.65,6.78,0.4,0
787,-5.84,6.79,0.83,0
788,-5.07,6.6,1.33,0
789,-4.19,6.42,1.78,0
790,-3.41,6.57,1.78,0
791,-2.98,6.15,1.84,0
792,-2.88,6.16,1.85,0
793,-2.83,6.21,1.85,0
794,-2.85,6.16,1.83,0
795,-2.88,6.1,1.79,0
796,-2.94,5.97,1.76,0
797,-2.58,5.79,1.74,0
798,-2.52,5.57,1.7,0
799,-2.45,5.46,1.67,0
800,-2.37,5.4,1.62,0
801,-2.3,5.37,1.57,0
802,-2.22,5.38,1.55,0
803,-2.16,5.5,1.51,0
804,-2.11,5.61,1.48,0
805,-2.03,5.73,1.47,0
806,-1.96,5.91,1.39,0
807,-1.91,6.09,1.29,0
808,-1.87,6.21,1.2,0
809,-1.82,6.31,1.17,0
810,-1.78,6.45,1.1,0
811,-1.75,6.61,1.0,0
812,-1.72,6.78,0.85,0
813,-1.7,6.92,0.67,0
814,-1.7,6.95,0.64,0
815,-1.71,7.03,0.63,0
816,-1.72,7.09,0.57,0
817,-1.7,7.14,0.53,0
818,-1.7,7.12,0.42,0
819,-1.64,7.13,0.26,0
820,-1.66,7.26,-0.12,0
821,-1.56,7.33,-0.37,0
822,-1.4,7.39,-0.93,0
823,-1.52,7.51,-1.22,0
824,-1.91,7.87,-1.95,0
825,-2.11,8.04,-3.96,0
826,-2.26,7.96,-7.54,0
827,-4.13,8.55,-10.49,0
828,-5.22,8.98,-13.32,0
829,-6.46,9.18,-16.44,0
830,-7.58,9.44,-19.18,0
831,-8.8,10.18,-21.83,0
832,-10.51,10.5,-25.07,0
833,-12.4,10.82,-28.11,0
834,-13.97,11.21,-30.49,0
835,-15.16,11.64,-32.3,0
836,-15.79,12.13,-34.07,0
837,-16.19,12.83,-36.02,0
838,-16.08,13.11,-37.82,0
839,-15.55,13.4,-39.06,0
840,-15.43,13.66,-40.21,0
841,-15.62,14.08,-42.06,0
842,-17.6,13.71,-41.02,0
843,-18.42,14.23,-42.78,0
844,-19.16,14.71,-44.55,0
845,-19.62,14.91,-46.18,0
846,-19.94,15.42,-47.15,0
847,-20.06,15.84,-47.97,0
848,-20.17,15.63,-48.3,0
849,-20.55,15.11,-48.88,0
850,-20.78,14.79,-50.18,0
851,-20.68,14.81,-51.85,0
852,-20.29,14.96,-53.09,0
853,-20.27,15.26,-54.02,0
854,-20.42,15.49,-55.01,0
855,-20.68,15.96,-56.48,0
856,-20.83,15.45,-58.79,0
857,-20.8,15.36,-60.77,0
858,-20.54,15.43,-61.81,0
859,-20.29,15.37,-62.76,0
860,-19.99,15.45,-64.28,0
861,-19.78,15.77,-65.82,0
862,-19.86,15.65,-67.11,0
863,-19.72,15.32,-68.64,0
864,-19.55,15.0,-69.93,0
865,-19.19,15.08,-71.25,0
866,-18.83,15.16,-72.21,0
867,-18.42,15.3,-72.7,0
868,-17.9,15.89,-73.66,0
869,-17.6,16.08,-74.34,0
870,-17.43,16.24,-74.7,0
871,-17.14,16.52,-74.95,0
872,-16.61,16.82,-74.96,0
873,-16.44,17.46,-75.98,0
874,-16.23,18.38,-76.69,0
875,-15.68,17.97,-76.89,0
876,-15.58,17.79,-77.15,0
877,-15.51,17.52,-77.45,0
878,-15.52,17.26,-77.63,0
879,-15.52,17.0,-77.68,0
880,-15.44,16.72,-77.65,0
881,-15.42,16.48,-77.67,0
882,-15.51,16.23,-77.86,0
883,-15.7,16.09,-77.97,0
884,-15.85,15.98,-77.93,0
885,-15.89,15.84,-77.89,0
886,-15.75,15.58,-77.73,0
887,-15.68,15.26,-77.39,0
888,-15.54,15.06,-77.3,0
889,-15.54,14.94,-77.29,0
890,-15.52,14.75,-77.27,0
891,-15.47,14.56,-77.24,0
892,-15.42,14.38,-77.16,0
893,-15.4,14.18,-77.01,0
894,-15.47,14.02,-76.95,0
895,-15.6,13.9,-76.9,0
896,-15.69,13.77,-76.91,0
897,-15.73,13.6,-76.91,0
898,-15.74,13.5,-76.92,0
899,-15.71,13.57,-76.92,0
900,-15.75,13.47,-77.05,0
901,-15.72,13.3,-77.11,0
902,-15.74,13.14,-77.13,0
903,-15.79,13.0,-77.12,0
904,-15.82,12.88,-77.08,0
905,-15.85,12.78,-77.0,0
906,-15.83,12.79,-76.82,0
907,-15.82,12.73,-76.82,0
908,-15.76,12.74,-77.18,0
909,-15.48,12.77,-77.72,0
910,-14.95,12.68,-78.07,0
911,-14.68,12.64,-78.45,0
912,-14.87,12.59,-78.55,0
913,-15.02,13.01,-78.41,0
914,-15.05,13.18,-78.35,0
915,-14.96,13.09,-78.33,0
916,-14.87,13.01,-78.33,0
917,-14.75,12.87,-78.34,0
918,-14.69,12.83,-78.58,0
919,-14.65,12.86,-78.87,0
920,-14.47,12.83,-78.98,0
921,-14.31,12.74,-79.01,0
922,-14.14,12.67,-78.95,0
923,-14.02,12.6,-78.81,0
924,-13.97,12.48,-78.78,0
925,-13.9,12.35,-78.78,0
926,-13.82,12.24,-78.71,0
927,-13.81,12.15,-78.63,0
928,-13.8,12.04,-78.59,0
929,-13.87,11.93,-78.58,0
930,-13.94,11.81,-78.56,0
931,-14.07,11.66,-78.43,0
932,-14.05,11.47,-78.17,0
933,-13.85,11.24,-77.77,0
934,-13.8,11.05,-77.46,0
935,-13.88,10.84,-77.22,0
936,-13.87,10.63,-76.93,0
937,-13.89,10.42,-76.63,0
938,-13.91,10.19,-76.31,0
939,-13.92,9.96,-76.1,0
940,-13.87,9.77,-75.72,0
941,-13.86,9.59,-75.32,0
942,-13.8,9.38,-74.93,0
943,-13.8,8.91,-74.62,0
944,-13.89,8.85,-74.59,0
945,-13.96,8.75,-74.58,0
946,-14.05,8.5,-74.62,0
947,-14.11,8.1,-74.63,0
948,-14.12,7.9,-74.63,0
949,-14.22,7.49,-74.75,0
950,-15.07,7.0,-75.28,0
951,-15.62,6.38,-75.88,0
952,-16.09,5.66,-76.66,0
953,-16.46,5.09,-78.01,0
954,-17.0,4.64,-79.13,0
955,-17.03,4.42,-79.72,0
956,-17.18,3.92,-80.54,0
957,-17.3,3.03,-81.47,0
958,-17.43,1.8,-82.31,0
959,-17.58,0.79,-82.98,0
960,-17.79,-0.11,-83.49,0
961,-17.84,-1.15,-83.91,0
962,-18.0,-2.4,-84.27,0
963,-18.09,-3.15,-84.51,0
964,-18.06,-4.1,-84.89,0
965,-17.97,-5.22,-85.5,0
966,-17.9,-6.36,-86.21,0
967,-17.78,-7.8,-87.06,0
968,-17.55,-9.46,-87.91,0
969,-17.49,-10.74,-88.56,0
970,-17.33,-11.61,-88.91,0
971,-17.28,-12.4,-89.12,0
972,-17.32,-13.13,-89.35,0
973,-17.14,-14.0,-89.58,0
974,-16.93,-15.06,-89.81,0
975,-16.99,-16.26,-90.08,0
976,-17.1,-17.31,-90.51,0
977,-17.02,-18.86,-91.03,0
978,-16.92,-19.89,-91.27,0
979,-16.73,-20.84,-91.32,0
980,-16.65,-21.79,-91.42,0
981,-16.52,-22.5,-91.56,0
982,-16.14,-23.56,-91.71,0
983,-15.98,-24.27,-91.75,0
984,-15.79,-25.19,-91.92,0
985,-15.82,-26.43,-92.28,0
986,-15.98,-27.31,-92.48,0
987,-15.93,-27.91,-92.69,0
988,-15.78,-28.78,-92.93,0
989,-15.86,-29.46,-92.96,0
990,-15.92,-29.84,-92.9,0
991,-15.93,-30.06,-92.84,0
992,-15.93,-30.05,-92.86,0
993,-15.9,-29.86,-92.91,0
994,-15.88,-29.93,-92.95,0
995,-15.93,-30.49,-93.01,0
996,-15.91,-31.08,-93.16,0
997,-15.94,-31.28,-93.19,0
998,-16.08,-31.48,-93.33,0
999,-16.22,-31.88,-93.55,0
1000,-16.29,-32.52,-93.78,0
1001,-16.21,-33.52,-94.04,0
1002,-16.02,-34.16,-94.21,0
1003,-15.98,-34.71,-94.49,0
1004,-16.0,-35.3,-94.67,0
1005,-16.09,-35.5,-94.58,0
1006,-15.93,-35.51,-94.35,0
1007,-15.77,-36.06,-94.21,0
1008,-15.69,-36.51,-94.55,0
1009,-15.54,-36.88,-94.85,0
1010,-15.22,-37.04,-95.44,0
1011,-15.13,-37.18,-95.54,0
1012,-14.87,-37.42,-95.54,0
1013,-14.85,-37.77,-95.54,0
1014,-14.96,-37.92,-95.62,0
1015,-14.94,-38.02,-95.63,0
1016,-14.62,-38.49,-95.63,0
1017,-14.49,-38.92,-95.74,0
1018,-14.36,-38.99,-96.0,0
1019,-14.22,-39.06,-96.22,0
1020,-14.08,-39.21,-96.3,0
1021,-13.91,-39.19,-96.36,0
1022,-13.51,-39.75,-96.31,0
1023,-13.13,-39.82,-96.39,0
1024,-12.89,-39.76,-96.43,0
1025,-12.64,-40.06,-96.39,0
1026,-12.57,-40.18,-96.23,0
1027,-12.58,-40.2,-96.13,0
1028,-12.58,-39.96,-96.02,0
1029,-12.5,-39.6,-95.79,0
1030,-12.42,-39.37,-95.46,0
1031,-12.35,-38.97,-95.03,0
1032,-12.3,-38.27,-94.74,0
1033,-12.07,-37.27,-94.55,0
1034,-11.85,-36.55,-94.23,0
1035,-11.62,-35.63,-94.01,0
1036,-11.48,-34.3,-93.72,0
1037,-11.45,-32.92,-93.23,0
1038,-11.46,-31.48,-92.88,0
1039,-11.47,-30.34,-92.76,0
1040,-11.53,-29.05,-92.72,0
1041,-11.68,-28.44,-92.58,0
1042,-11.73,-27.93,-92.33,0
1043,-11.7,-27.38,-92.04,0
1044,-11.76,-26.08,-91.66,0
1045,-11.76,-24.95,-91.25,0
1046,-11.7,-24.06,-90.99,0
1047,-11.56,-23.1,-90.6,0
1048,-11.48,-22.0,-90.17,0
1049,-11.39,-21.17,-89.71,0
1050,-11.32,-20.42,-89.17,0
1051,-11.17,-19.42,-88.4,0
1052,-11.1,-18.57,-87.85,0
1053,-11.11,-17.67,-87.38,0
1054,-11.14,-16.91,-87.03,0
1055,-11.24,-16.28,-86.65,0
1056,-11.27,-15.45,-86.29,0
1057,-11.28,-14.27,-85.92,0
1058,-11.32,-13.58,-85.56,0
1059,-11.41,-12.72,-85.34,0
1060,-11.47,-11.91,-85.14,0
1061,-11.56,-10.97,-85.01,0
1062,-11.64,-10.38,-84.96,0
1063,-11.74,-9.99,-85.07,0
1064,-11.78,-9.25,-85.34,0
1065,-11.79,-8.5,-85.58,0
1066,-11.88,-7.91,-85.67,0
1067,-11.98,-7.53,-85.74,0
1068,-12.06,-7.06,-85.78,0
1069,-12.11,-6.55,-85.71,0
1070,-12.17,-6.02,-85.56,0
1071,-12.16,-5.45,-85.27,0
1072,-12.07,-4.65,-84.82,0
1073,-12.08,-4.19,-84.4,0
1074,-12.15,-3.81,-83.9,0
1075,-12.11,-3.52,-83.57,0
1076,-12.12,-3.21,-83.34,0
1077,-12.17,-2.87,-83.15,0
1078,-12.12,-2.42,-82.91,0
1079,-12.09,-2.01,-82.74,0
1080,-12.07,-1.53,-82.52,0
1081,-12.09,-1.14,-82.39,0
1082,-12.09,-0.54,-82.38,0
1083,-12.08,0.11,-82.27,0
1084,-12.07,0.72,-82.05,0
1085,-12.01,1.24,-81.75,0
1086,-12.04,1.7,-81.65,0
1087,-11.9,2.11,-81.41,0
1088,-11.91,2.41,-81.36,0
1089,-11.98,2.64,-81.46,0
1090,-12.04,2.91,-81.49,0
1091,-12.06,3.16,-81.53,0
1092,-12.18,3.23,-81.66,0
1093,-12.27,3.35,-81.75,0
1094,-12.25,3.47,-81.74,0
1095,-12.22,3.56,-81.7,0
1096,-12.25,3.65,-81.72,0
1097,-12.25,3.76,-81.85,0
1098,-12.24,3.87,-81.88,0
1099,-12.2,4.08,-81.86,0
1100,-12.13,4.29,-81.83,0
1101,-12.16,4.43,-81.92,0
1102,-12.13,4.59,-82.0,0
1103,-12.06,4.78,-82.05,0
1104,-12.05,4.93,-82.03,0
1105,-12.04,5.04,-82.05,0
1106,-11.98,5.2,-82.02,0
1107,-11.94,5.34,-82.0,0
1108,-11.95,5.36,-82.0,0
1109,-11.94,5.41,-81.99,0
1110,-11.93,5.45,-81.91,0
1111,-11.94,5.5,-81.97,0
1112,-11.94,5.57,-82.06,0
1113,-11.94,5.58,-82.08,0
1114,-11.96,5.58,-82.15,0
1115,-12.02,5.45,-82.29,0
1116,-12.0,5.34,-82.36,0
1117,-11.91,5.21,-82.39,0
1118,-11.82,4.99,-82.46,0
1119,-11.73,4.58,-82.56,0
1120,-11.68,4.11,-82.7,0
1121,-11.6,3.59,-82.86,0
1122,-11.55,3.1,-83.07,0
1123,-11.6,2.51,-83.27,0
1124,-11.6,1.88,-83.32,0
1125,-11.56,1.32,-83.41,0
1126,-11.49,0.95,-83.53,0
1127,-11.53,0.31,-83.76,0
1128,-11.63,-0.59,-84.21,0
1129,-11.63,-1.55,-84.56,0
1130,-11.66,-2.24,-84.85,0
1131,-11.77,-3.01,-85.12,0
1132,-12.01,-3.95,-85.34,0
1133,-12.17,-4.97,-85.62,0
1134,-12.34,-6.06,-85.95,0
1135,-12.62,-7.43,-86.44,0
1136,-12.76,-8.86,-86.79,0
1137,-12.88,-10.23,-87.11,0
1138,-12.9,-11.59,-87.35,0
1139,-12.9,-12.91,-87.53,0
1140,-12.78,-13.71,-87.23,0
1141,-12.79,-14.15,-87.41,0
1142,-12.77,-14.47,-87.73,0
1143,-12.75,-14.82,-87.91,0
1144,-12.66,-15.33,-87.97,0
1145,-12.66,-15.8,-88.14,0
1146,-12.74,-16.64,-88.48,0
1147,-12.88,-17.42,-88.76,0
1148,-12.95,-18.07,-88.92,0
1149,-13.02,-19.4,-89.04,0
1150,-13.18,-21.15,-89.27,0
1151,-13.35,-22.13,-89.67,0
1152,-13.44,-23.54,-90.22,0
1153,-13.54,-24.82,-90.72,0
1154,-13.73,-25.64,-91.07,0
1155,-13.72,-26.26,-91.2,0
1156,-13.62,-26.52,-91.15,0
1157,-13.46,-27.11,-91.09,0
1158,-13.31,-27.86,-91.18,0
1159,-13.29,-28.14,-91.43,0
1160,-13.21,-28.54,-91.75,0
1161,-13.18,-29.0,-91.96,0
1162,-13.15,-29.44,-91.98,0
1163,-13.07,-29.96,-92.04,0
1164,-13.01,-30.1,-92.05,0
1165,-13.01,-30.07,-91.99,0
1166,-13.03,-30.27,-92.17,0
1167,-13.11,-30.94,-92.6,0
1168,-13.14,-31.15,-92.86,0
1169,-13.16,-30.96,-93.0,0
1170,-13.11,-30.91,-93.15,0
1171,-13.01,-30.93,-93.11,0
1172,-12.97,-30.78,-93.16,0
1173,-12.94,-30.64,-93.14,0
1174,-12.88,-30.38,-93.01,0
1175,-12.82,-30.36,-92.76,0
1176,-12.8,-30.32,-92.69,0
1177,-12.75,-30.03,-92.75,0
1178,-12.57,-29.47,-92.79,0
1179,-12.34,-29.18,-92.79,0
1180,-12.23,-28.89,-92.63,0
1181,-12.16,-28.37,-92.43,0
1182,-12.03,-27.73,-91.78,0
1183,-11.89,-27.38,-91.03,0
1184,-11.84,-26.91,-90.25,0
1185,-11.82,-26.49,-89.48,0
1186,-11.84,-26.34,-89.14,0
1187,-11.85,-25.96,-88.84,0
1188,-11.77,-25.41,-88.54,0
1189,-11.72,-25.24,-88.3,0
1190,-11.7,-25.01,-88.05,0
1191,-11.61,-24.65,-87.79,0
1192,-11.33,-23.99,-87.22,0
1193,-11.09,-23.31,-86.72,0
1194,-11.01,-23.0,-86.65,0
1195,-10.95,-22.54,-86.76,0
1196,-11.02,-22.09,-87.18,0
1197,-11.13,-21.72,-87.6,0
1198,-11.28,-21.07,-88.04,0
1199,-11.43,-20.05,-88.62,0
1200,-11.61,-18.85,-89.03,0
1201,-11.66,-17.82,-89.11,0
1202,-11.54,-16.55,-88.04,0
1203,-11.33,-15.31,-86.96,0
1204,-11.09,-14.31,-86.12,0
1205,-10.92,-13.37,-85.02,0
1206,-10.58,-12.59,-83.97,0
1207,-10.41,-11.75,-83.4,0
1208,-10.29,-10.95,-83.27,0
1209,-10.27,-10.52,-83.32,0
1210,-10.34,-10.18,-83.43,0
1211,-10.36,-9.68,-83.53,0
1212,-10.33,-9.19,-83.55,0
1213,-10.27,-8.57,-83.52,0
1214,-10.22,-7.87,-83.51,0
1215,-10.21,-7.29,-83.56,0
1216,-10.16,-6.77,-83.53,0
1217,-10.14,-6.31,-83.44,0
1218,-10.08,-5.74,-83.2,0
1219,-10.06,-5.26,-83.06,0
1220,-10.09,-5.03,-82.78,0
1221,-10.09,-4.7,-82.5,0
1222,-9.69,-3.87,-81.63,0
1223,-9.35,-3.25,-80.92,0
1224,-9.32,-2.83,-80.68,0
1225,-9.5,-2.42,-80.57,0
1226,-9.57,-2.07,-80.35,0
1227,-9.69,-1.87,-80.33,0
1228,-9.83,-1.62,-80.37,0
1229,-9.95,-1.44,-80.38,0
1230,-10.05,-1.19,-80.41,0
1231,-10.01,-0.95,-80.37,0
1232,-9.92,-0.69,-80.31,0
1233,-9.87,-0.39,-80.29,0
1234,-9.95,-0.24,-80.32,0
1235,-10.03,-0.27,-80.26,0
1236,-10.09,-0.27,-80.29,0
1237,-10.13,-0.35,-80.3,0
1238,-10.17,-0.42,-80.36,0
1239,-10.26,-0.52,-80.44,0
1240,-10.3,-0.58,-80.53,0
1241,-10.42,-0.72,-80.62,0
1242,-10.49,-0.8,-80.62,0
1243,-10.58,-0.84,-80.61,0
1244,-10.77,-0.93,-80.59,0
1245,-10.87,-1.15,-80.61,0
1246,-10.92,-1.29,-80.67,0
1247,-10.92,-1.25,-80.65,0
1248,-10.94,-1.23,-80.62,0
1249,-11.01,-1.29,-80.6,0
1250,-11.06,-1.46,-80.63,0
1251,-11.13,-1.56,-80.61,0
1252,-11.19,-1.44,-80.6,0
1253,-11.26,-1.3,-80.57,0
1254,-11.31,-1.18,-80.55,0
1255,-11.33,-1.22,-80.51,0
1256,-11.39,-1.23,-80.5,0
1257,-11.47,-1.31,-80.5,0
1258,-11.57,-1.27,-80.52,0
1259,-11.61,-1.18,-80.53,0
1260,-11.66,-1.13,-80.51,0
1261,-11.65,-1.08,-80.53,0
1262,-11.63,-1.09,-80.54,0
1263,-11.7,-0.76,-80.43,0
1264,-11.76,-0.75,-80.41,0
1265,-11.82,-0.66,-80.41,0
1266,-11.86,-0.62,-80.41,0
1267,-11.88,-0.52,-80.44,0
1268,-11.92,-0.36,-80.46,0
1269,-12.1,0.1,-80.32,0
1270,-12.25,0.5,-80.26,0
1271,-12.32,0.73,-80.14,0
1272,-12.52,0.8,-80.07,0
1273,-12.71,0.92,-80.04,0
1274,-12.86,1.1,-80.01,0
1275,-12.91,1.26,-80.05,0
1276,-12.93,1.47,-80.09,0
1277,-12.85,1.58,-80.05,0
1278,-12.8,1.71,-80.02,0
1279,-12.82,2.18,-79.89,0
1280,-12.83,2.63,-79.79,0
1281,-12.95,3.01,-79.71,0
1282,-13.09,3.36,-79.73,0
1283,-13.09,3.68,-79.69,0
1284,-13.18,3.86,-79.68,0
1285,-13.27,3.99,-79.66,0
1286,-13.3,4.07,-79.63,0
1287,-13.26,4.17,-79.6,0
1288,-13.17,4.42,-79.55,0
1289,-13.15,4.5,-79.55,0
1290,-13.12,4.66,-79.5,0
1291,-13.07,4.7,-79.49,0
1292,-13.12,4.75,-79.52,0
1293,-13.17,4.66,-79.53,0
1294,-13.27,4.61,-79.54,0
1295,-13.4,4.54,-79.62,0
1296,-13.47,4.47,-79.67,0
1297,-13.53,4.48,-79.73,0
1298,-13.56,4.43,-79.69,0
1299,-13.63,4.48,-79.7,0
1300,-13.7,4.46,-79.68,0
1301,-13.72,4.48,-79.68,0
1302,-13.73,4.46,-79.7,0
1303,-13.75,4.49,-79.73,0
1304,-13.67,4.38,-79.73,0
1305,-13.76,4.6,-79.66,0
1306,-13.69,4.64,-79.65,0
1307,-13.5,4.56,-79.68,0
1308,-13.48,4.48,-79.71,0
1309,-13.71,4.78,-79.82,0
1310,-13.86,4.86,-79.74,0
1311,-14.09,4.82,-79.66,0
1312,-14.21,4.91,-79.47,0
1313,-14.33,4.85,-79.43,0
1314,-14.58,4.75,-79.43,0
1315,-14.75,4.72,-79.46,0
1316,-14.84,4.7,-79.47,0
1317,-14.83,4.69,-79.47,0
1318,-14.71,4.77,-79.52,0
1319,-14.59,4.88,-79.55,0
1320,-14.51,4.94,-79.53,0
1321,-14.49,4.93,-79.5,0
1322,-14.51,4.96,-79.49,0
1323,-14.55,4.98,-79.42,0
1324,-14.6,5.04,-79.38,0
1325,-14.67,5.06,-79.29,0
1326,-14.71,5.11,-79.27,0
1327,-14.71,5.18,-79.23,0
1328,-14.73,5.25,-79.19,0
1329,-14.74,5.36,-79.13,0
1330,-14.66,5.49,-79.09,0
1331,-14.61,5.52,-79.01,0
1332,-14.63,5.58,-78.95,0
1333,-14.66,5.66,-78.87,0
1334,-14.71,5.78,-78.79,0
1335,-14.75,5.84,-78.75,0
1336,-14.74,5.9,-78.66,0
1337,-14.74,6.0,-78.6,0
1338,-14.77,6.08,-78.55,0
1339,-14.8,6.16,-78.53,0
1340,-14.75,6.33,-78.44,0
1341,-14.77,6.46,-78.36,0
1342,-14.82,6.6,-78.17,0
1343,-14.93,6.71,-78.08,0
1344,-15.0,6.94,-77.96,0
1345,-15.15,7.09,-77.92,0
1346,-15.35,7.26,-77.96,0
1347,-15.51,7.41,-77.99,0
1348,-15.61,7.61,-77.99,0
1349,-15.65,7.83,-77.99,0
1350,-15.65,8.02,-77.86,0
1351,-15.66,7.98,-77.86,0
1352,-15.69,8.1,-77.91,0
1353,-15.74,8.29,-77.97,0
1354,-15.69,8.36,-78.0,0
1355,-15.64,8.42,-78.04,0
1356,-15.65,8.35,-78.08,0
1357,-15.62,8.26,-78.13,0
1358,-15.53,8.22,-78.17,0
1359,-15.47,8.18,-78.22,0
1360,-15.4,8.09,-78.27,0
1361,-15.3,7.93,-78.3,0
1362,-15.24,7.86,-78.38,0
1363,-15.17,7.81,-78.44,0
1364,-15.11,7.76,-78.47,0
1365,-15.06,7.72,-78.44,0
1366,-15.09,7.69,-78.43,0
1367,-15.12,7.73,-78.43,0
1368,-15.19,7.8,-78.46,0
1369,-15.29,7.84,-78.48,0
1370,-15.33,7.87,-78.47,0
1371,-15.32,7.95,-78.44,0
1372,-15.3,8.02,-78.42,0
1373,-15.29,8.03,-78.4,0
1374,-15.31,8.05,-78.39,0
1375,-15.38,8.02,-78.39,0
1376,-15.47,8.04,-78.41,0
1377,-15.59,8.0,-78.39,0
1378,-15.74,8.01,-78.37,0
1379,-15.88,8.03,-78.41,0
1380,-15.99,8.03,-78.44,0
1381,-15.72,8.15,-78.3,0
1382,-15.69,8.02,-78.28,0
1383,-15.7,7.94,-78.3,0
1384,-15.68,7.74,-78.31,0
1385,-15.64,7.5,-78.31,0
1386,-15.61,7.26,-78.24,0
1387,-15.57,6.99,-78.21,0
1388,-15.55,6.72,-78.16,0
1389,-15.47,6.56,-78.18,0
1390,-15.44,6.4,-78.18,0
1391,-15.37,6.17,-78.17,0
1392,-15.16,5.78,-77.99,0
1393,-15.03,5.36,-77.89,0
1394,-14.93,5.03,-77.74,0
1395,-14.85,4.85,-77.83,0
1396,-14.68,4.73,-77.84,0
1397,-14.64,4.75,-77.86,0
1398,-14.55,4.81,-77.81,0
1399,-14.35,4.77,-77.68,0
1400,-14.22,4.54,-77.59,0
1401,-14.1,4.36,-77.56,0
1402,-13.98,4.22,-77.51,0
1403,-13.78,4.06,-77.44,0
1404,-13.55,3.89,-77.36,0
1405,-13.43,3.86,-77.36,0
1406,-13.27,3.9,-77.34,0
1407,-13.23,3.77,-77.37,0
1408,-13.19,3.64,-77.38,0
1409,-13.25,3.58,-77.36,0
1410,-13.25,3.55,-77.2,0
1411,-13.22,3.57,-77.14,0
1412,-13.18,3.62,-77.14,0
1413,-13.14,3.41,-77.14,0
1414,-13.13,3.26,-77.15,0
1415,-13.22,3.31,-77.21,0
1416,-13.31,3.52,-77.26,0
1417,-13.28,3.56,-77.21,0
1418,-13.25,3.52,-77.24,0
1419,-13.3,3.58,-77.3,0
1420,-13.3,3.61,-77.21,0
1421,-13.27,3.58,-77.18,0
1422,-13.24,3.55,-77.2,0
1423,-13.21,3.54,-77.2,0
1424,-13.22,3.58,-77.25,0
1425,-13.31,3.74,-77.35,0
1426,-13.4,3.98,-77.46,0
1427,-13.44,4.21,-77.51,0
1428,-13.58,4.34,-77.57,0
1429,-13.68,4.57,-77.58,0
1430,-13.74,4.72,-77.57,0
1431,-13.72,4.75,-77.56,0
1432,-13.69,4.78,-77.62,0
1433,-13.7,4.85,-77.73,0
1434,-13.65,4.84,-77.74,0
1435,-13.54,4.85,-77.7,0
1436,-13.52,4.77,-77.69,0
1437,-13.56,4.72,-77.74,0
1438,-13.54,4.69,-77.76,0
1439,-13.51,4.62,-77.76,0
1440,-13.45,4.57,-77.77,0
1441,-13.45,4.57,-77.77,0
1442,-13.41,4.56,-77.73,0
1443,-13.35,4.48,-77.71,0
1444,-13.32,4.42,-77.7,0
1445,-13.33,4.43,-77.7,0
1446,-13.32,4.44,-77.68,0
1447,-13.29,4.41,-77.73,0
1448,-13.31,4.39,-77.75,0
1449,-13.3,4.36,-77.77,0
1450,-13.33,4.38,-77.78,0
1451,-13.35,4.43,-77.79,0
1452,-13.38,4.72,-77.72,0
1453,-13.26,5.02,-77.79,0
1454,-12.99,5.44,-77.98,0
1455,-12.54,5.7,-78.02,0
1456,-12.09,5.87,-77.93,0
1457,-11.81,5.77,-77.85,0
1458,-11.67,5.56,-77.73,0
1459,-11.7,5.27,-77.64,0
1460,-11.76,5.05,-77.68,0
1461,-11.83,4.81,-77.76,0
1462,-11.92,4.6,-77.8,0
1463,-11.97,4.52,-77.84,0
1464,-12.12,4.32,-77.83,0
1465,-12.19,4.1,-78.0,0
1466,-12.23,4.01,-78.15,0
1467,-12.2,3.87,-78.13,0
1468,-11.99,3.66,-77.99,0
1469,-10.94,3.4,-77.85,0
1470,-9.78,3.04,-77.67,0
1471,-9.03,3.0,-77.51,0
1472,-8.86,2.57,-77.59,0
1473,-8.63,2.45,-77.63,0
1474,-8.55,2.27,-77.64,0
1475,-8.56,2.12,-77.62,0
1476,-8.69,1.94,-77.47,0
1477,-8.69,1.74,-77.38,0
1478,-8.76,1.69,-77.39,0
1479,-8.88,1.62,-77.41,0
1480,-8.76,1.58,-77.41,0
1481,-8.67,1.6,-77.39,0
1482,-8.71,1.59,-77.23,0
1483,-8.97,1.66,-77.08,0
1484,-9.14,1.53,-75.42,0
1485,-9.42,1.65,-74.87,0
1486,-9.38,1.73,-74.61,0
1487,-9.26,1.78,-74.16,0
1488,-9.26,1.83,-73.89,0
1489,-9.44,1.89,-73.74,0
1490,-9.55,1.87,-73.65,0
1491,-9.53,1.86,-73.63,0
1492,-9.52,1.9,-73.59,0
1493,-9.43,1.92,-73.56,0
1494,-9.31,1.95,-73.55,0
1495,-9.24,1.99,-73.54,0
1496,-9.16,2.02,-73.52,0
1497,-9.05,2.03,-73.52,0
1498,-8.95,2.04,-73.51,0
1499,-8.88,2.05,-73.5,0
1500,-8.8,2.03,-73.51,0
1501,-8.72,2.02,-73.51,0
1502,-8.67,2.01,-73.51,0
1503,-8.64,2.02,-73.51,0
1504,-8.67,2.03,-73.5,0
1505,-8.74,2.05,-73.49,0
1506,-8.79,2.06,-73.49,0
1507,-8.81,2.04,-73.49,0
1508,-8.83,2.05,-73.48,0
1509,-8.82,2.08,-73.47,0
1510,-8.76,2.1,-73.46,0
1511,-8.7,2.11,-73.46,0
1512,-8.68,2.13,-73.46,0
1513,-8.69,2.15,-73.45,0
1514,-8.7,2.2,-73.43,0
1515,-8.7,2.24,-73.4,0
1516,-8.68,2.26,-73.38,0
1517,-8.64,2.28,-73.37,0
1518,-8.58,2.31,-73.37,0
1519,-8.61,2.32,-73.36,0
1520,-8.73,2.34,-73.36,0
1521,-8.9,2.35,-73.35,0
1522,-8.94,2.39,-73.35,0
1523,-8.92,2.39,-73.34,0
1524,-8.92,2.4,-73.34,0
1525,-8.97,2.42,-73.29,0
1526,-8.94,2.43,-73.24,0
1527,-8.85,2.41,-73.23,0
1528,-8.76,2.44,-73.21,0
1529,-8.67,2.48,-73.16,0
1530,-8.57,2.51,-73.13,0
1531,-8.46,2.53,-73.09,0
1532,-8.28,2.52,-73.07,0
1533,-8.1,2.53,-73.04,0
1534,-7.95,2.54,-73.01,0
1535,-7.82,2.55,-72.95,0
1536,-7.71,2.56,-72.88,0
1537,-7.59,2.53,-72.79,0
1538,-7.5,2.52,-72.68,0
1539,-7.44,2.51,-72.57,0
1540,-7.39,2.52,-72.47,0
1541,-7.3,2.5,-72.42,0
1542,-7.21,2.49,-72.37,0
1543,-7.14,2.48,-72.31,0
1544,-7.11,2.47,-72.26,0
1545,-7.11,2.49,-72.17,0
1546,-7.06,2.53,-72.07,0
1547,-6.91,2.59,-71.96,0
1548,-6.76,2.63,-71.88,0
1549,-6.63,2.62,-71.83,0
1550,-6.54,2.6,-71.81,0
1551,-6.46,2.57,-71.79,0
1552,-6.38,2.55,-71.78,0
1553,-6.33,2.56,-71.76,0
1554,-6.35,2.58,-71.74,0
1555,-6.38,2.61,-71.7,0
1556,-6.41,2.65,-71.66,0
1557,-6.44,2.67,-71.62,0
1558,-6.45,2.7,-71.57,0
1559,-6.43,2.73,-71.53,0
1560,-6.38,2.71,-71.52,0
1561,-6.36,2.7,-71.51,0
1562,-6.36,2.7,-71.51,0
1563,-6.36,2.71,-71.5,0
1564,-6.38,2.73,-71.47,0
1565,-6.38,2.74,-71.45,0
1566,-6.38,2.75,-71.43,0
1567,-6.39,2.75,-71.42,0
1568,-45.0,12.33,38.74,1
1569,-45.11,12.27,38.71,1
1570,-45.23,12.2,38.69,1
1571,-45.37,12.14,38.68,1
1572,-45.51,12.11,38.65,1
1573,-45.65,12.09,38.62,1
1574,-45.8,12.07,38.62,1
1575,-45.96,12.05,38.63,1
1576,-46.1,12.04,38.62,1
1577,-46.28,12.05,38.59,1
1578,-46.43,12.04,38.6,1
1579,-46.58,12.03,38.58,1
1580,-46.69,12.0,38.56,1
1581,-46.86,12.01,38.51,1
1582,-46.98,12.0,38.47,1
1583,-47.08,11.93,38.47,1
1584,-47.14,11.87,38.46,1
1585,-47.23,11.83,38.43,1
1586,-47.29,11.78,38.44,1
1587,-47.34,11.73,38.47,1
1588,-47.45,11.72,38.45,1
1589,-47.61,11.79,38.38,1
1590,-47.73,11.81,38.36,1
1591,-47.83,11.81,38.38,1
1592,-47.99,11.85,38.34,1
1593,-48.12,11.89,38.31,1
1594,-48.25,11.88,38.3,1
1595,-48.33,11.82,38.34,1
1596,-48.41,11.79,38.36,1
1597,-48.52,11.8,38.32,1
1598,-48.6,11.77,38.32,1
1599,-48.64,11.71,38.34,1
1600,-48.69,11.67,38.33,1
1601,-48.78,11.67,38.27,1
1602,-48.87,11.64,38.24,1
1603,-48.89,11.54,38.24,1
1604,-48.93,11.48,38.23,1
1605,-48.99,11.45,38.19,1
1606,-49.01,11.41,38.18,1
1607,-49.09,11.39,38.18,1
1608,-49.24,11.43,38.16,1
1609,-49.31,11.43,38.16,1
1610,-49.34,11.39,38.17,1
1611,-49.45,11.41,38.14,1
1612,-49.58,11.43,38.09,1
1613,-49.64,11.43,38.08,1
1614,-49.68,11.41,38.09,1
1615,-49.69,11.36,38.11,1
1616,-49.79,11.41,38.09,1
1617,-49.89,11.46,38.05,1
1618,-49.94,11.45,38.05,1
1619,-50.01,11.45,38.04,1
1620,-50.07,11.45,38.03,1
1621,-50.11,11.44,38.0,1
1622,-50.16,11.43,37.96,1
1623,-50.22,11.41,37.92,1
1624,-50.26,11.41,37.88,1
1625,-50.19,11.32,37.92,1
1626,-50.18,11.27,37.93,1
1627,-50.23,11.26,37.94,1
1628,-50.26,11.24,37.94,1
1629,-50.27,11.23,37.95,1
1630,-50.29,11.23,37.95,1
1631,-50.32,11.21,37.94,1
1632,-50.36,11.2,37.91,1
1633,-50.37,11.16,37.91,1
1634,-50.34,11.1,37.92,1
1635,-50.4,11.11,37.87,1
1636,-50.43,11.21,37.79,1
1637,-50.45,11.23,37.74,1
1638,-50.47,11.25,37.7,1
1639,-50.5,11.3,37.64,1
1640,-50.22,11.58,37.64,1
1641,-50.42,11.65,37.62,1
1642,-50.46,11.59,37.6,1
1643,-50.48,11.53,37.59,1
1644,-50.34,11.53,37.59,1
1645,-50.32,11.6,37.57,1
1646,-50.16,11.71,37.49,1
1647,-50.03,11.76,37.49,1
1648,-50.0,11.82,37.45,1
1649,-49.91,11.73,37.59,1
1650,-49.76,11.76,37.86,1
1651,-49.75,11.71,38.13,1
1652,-49.78,11.67,38.1,1
1653,-49.8,11.65,38.09,1
1654,-49.76,11.63,38.13,1
1655,-49.68,11.63,38.17,1
1656,-49.77,11.77,38.2,1
1657,-49.83,11.9,38.2,1
1658,-49.88,12.01,38.22,1
1659,-50.03,12.03,38.24,1
1660,-50.11,11.99,38.22,1
1661,-50.18,12.05,38.23,1
1662,-50.21,12.07,38.24,1
1663,-50.18,12.03,38.29,1
1664,-50.16,12.01,38.3,1
1665,-50.16,12.0,38.28,1
1666,-50.23,12.04,38.21,1
1667,-50.26,12.03,38.15,1
1668,-50.29,12.01,38.1,1
1669,-50.44,12.06,38.0,1
1670,-50.59,12.12,37.89,1
1671,-50.68,12.19,37.81,1
1672,-50.69,12.21,37.77,1
1673,-50.75,12.26,37.7,1
1674,-50.94,12.46,37.58,1
1675,-51.18,12.7,37.39,1
1676,-51.51,12.82,37.21,1
1677,-51.55,12.85,37.12,1
1678,-51.57,12.88,37.04,1
1679,-51.94,12.91,36.84,1
1680,-52.03,12.96,36.75,1
1681,-52.02,12.82,36.74,1
1682,-52.0,12.74,36.72,1
1683,-52.0,12.7,36.68,1
1684,-51.99,12.65,36.63,1
1685,-51.98,12.58,36.59,1
1686,-51.97,12.52,36.56,1
1687,-51.99,12.49,36.52,1
1688,-51.95,12.44,36.49,1
1689,-51.88,12.36,36.46,1
1690,-51.9,12.34,36.49,1
1691,-52.0,12.37,36.51,1
1692,-52.14,12.45,36.5,1
1693,-52.21,12.48,36.51,1
1694,-52.18,12.43,36.47,1
1695,-52.14,12.39,36.43,1
1696,-52.15,12.36,36.39,1
1697,-52.06,12.38,36.24,1
1698,-51.98,12.29,36.25,1
1699,-52.03,12.27,36.24,1
1700,-52.08,12.29,36.23,1
1701,-52.1,12.27,36.21,1
1702,-52.07,12.21,36.24,1
1703,-52.1,12.2,36.24,1
1704,-52.12,12.19,36.22,1
1705,-52.1,12.16,36.22,1
1706,-52.12,12.14,36.19,1
1707,-52.16,12.13,36.13,1
1708,-52.18,12.12,36.1,1
1709,-52.13,12.05,36.1,1
1710,-52.09,12.01,36.1,1
1711,-52.09,11.94,36.1,1
1712,-52.16,11.99,36.05,1
1713,-52.13,11.9,36.09,1
1714,-52.16,11.83,36.11,1
1715,-52.24,11.79,36.1,1
1716,-52.34,11.71,36.1,1
1717,-52.47,11.64,36.11,1
1718,-52.62,11.62,36.08,1
1719,-52.8,11.73,35.98,1
1720,-53.05,11.81,35.89,1
1721,-53.43,11.72,35.9,1
1722,-53.8,11.68,35.95,1
1723,-54.09,11.72,35.72,1
1724,-54.76,11.9,35.54,1
1725,-55.64,12.22,34.88,1
1726,-56.24,12.5,34.42,1
1727,-56.65,12.6,34.14,1
1728,-57.08,12.67,33.76,1
1729,-57.66,12.81,33.23,1
1730,-58.14,12.87,32.66,1
1731,-58.76,12.94,32.14,1
1732,-59.44,13.04,31.7,1
1733,-60.19,13.12,31.24,1
1734,-60.77,13.44,30.65,1
1735,-61.57,13.69,30.04,1
1736,-62.79,13.67,29.4,1
1737,-63.99,13.91,28.77,1
1738,-65.34,14.66,27.56,1
1739,-66.75,14.97,25.56,1
1740,-68.27,14.91,23.89,1
1741,-69.87,14.87,21.8,1
1742,-71.36,14.97,20.12,1
1743,-73.16,16.19,18.33,1
1744,-74.19,16.21,17.1,1
1745,-75.27,16.3,16.59,1
1746,-76.3,16.42,16.67,1
1747,-77.15,16.27,17.03,1
1748,-77.77,16.21,17.28,1
1749,-78.16,15.88,17.69,1
1750,-78.16,15.34,18.3,1
1751,-78.42,15.07,18.13,1
1752,-79.13,14.98,17.32,1
1753,-79.9,14.62,17.03,1
1754,-80.25,14.07,17.54,1
1755,-80.54,13.53,18.18,1
1756,-80.82,12.76,18.75,1
1757,-81.32,11.73,19.81,1
1758,-81.94,10.95,20.62,1
1759,-82.46,10.28,20.93,1
1760,-82.76,9.27,21.33,1
1761,-83.07,8.34,21.44,1
1762,-83.43,7.57,21.32,1
1763,-83.87,6.88,21.25,1
1764,-84.41,6.24,21.33,1
1765,-84.99,5.78,21.45,1
1766,-85.56,5.57,21.57,1
1767,-86.29,5.38,21.67,1
1768,-87.19,5.09,21.96,1
1769,-87.93,5.11,22.31,1
1770,-88.52,5.27,22.66,1
1771,-88.87,5.35,22.96,1
1772,-89.24,5.23,23.21,1
1773,-89.51,5.14,23.27,1
1774,-90.03,4.99,23.31,1
1775,-90.72,4.82,23.45,1
1776,-91.36,4.65,23.58,1
1777,-91.83,4.59,23.71,1
1778,-92.3,4.69,23.78,1
1779,-92.82,4.84,23.81,1
1780,-93.25,4.89,23.77,1
1781,-93.58,4.8,23.79,1
1782,-93.66,4.67,23.97,1
1783,-93.62,4.51,24.05,1
1784,-93.75,4.28,24.07,1
1785,-94.24,4.01,24.08,1
1786,-94.36,3.68,24.28,1
1787,-94.38,3.35,24.26,1
1788,-94.55,3.09,24.15,1
1789,-94.73,2.85,24.04,1
1790,-94.59,2.73,23.89,1
1791,-94.23,2.79,23.64,1
1792,-93.74,2.86,23.37,1
1793,-93.35,2.93,23.11,1
1794,-93.3,2.99,22.91,1
1795,-93.09,2.87,22.92,1
1796,-92.83,2.71,22.87,1
1797,-92.69,2.61,22.79,1
1798,-92.77,2.8,22.63,1
1799,-92.58,2.96,22.56,1
1800,-92.46,3.18,22.63,1
1801,-92.34,3.33,22.54,1
1802,-92.07,3.39,22.43,1
1803,-91.44,3.06,22.19,1
1804,-90.97,2.97,22.11,1
1805,-90.68,2.97,22.14,1
1806,-90.48,3.05,22.18,1
1807,-90.24,3.11,22.25,1
1808,-89.88,3.14,22.37,1
1809,-89.69,3.15,22.4,1
1810,-89.55,3.18,22.4,1
1811,-89.3,3.19,22.34,1
1812,-89.02,3.13,22.23,1
1813,-88.64,3.15,22.02,1
1814,-88.08,3.21,21.86,1
1815,-87.58,3.28,21.78,1
1816,-87.28,3.26,21.81,1
1817,-86.91,3.22,21.85,1
1818,-86.35,3.23,21.88,1
1819,-85.81,3.29,21.86,1
1820,-85.5,3.45,21.72,1
1821,-85.14,3.63,21.51,1
1822,-84.46,3.85,21.26,1
1823,-83.69,3.98,21.1,1
1824,-83.13,4.01,20.96,1
1825,-82.7,4.18,20.7,1
1826,-81.82,4.43,20.34,1
1827,-80.71,4.57,20.12,1
1828,-79.59,4.29,20.14,1
1829,-78.96,4.06,20.12,1
1830,-78.37,4.0,20.24,1
1831,-77.67,4.04,20.58,1
1832,-76.96,4.13,20.9,1
1833,-76.16,4.21,21.07,1
1834,-75.19,4.22,21.19,1
1835,-73.87,4.07,21.53,1
1836,-72.78,3.91,21.82,1
1837,-71.49,3.56,22.18,1
1838,-70.4,3.21,22.49,1
1839,-69.29,2.84,22.74,1
1840,-67.99,2.46,23.18,1
1841,-66.56,2.06,23.56,1
1842,-65.39,1.59,23.87,1
1843,-64.26,1.32,24.24,1
1844,-63.3,1.13,24.66,1
1845,-62.49,0.93,25.15,1
1846,-61.77,0.77,25.49,1
1847,-61.25,0.66,25.87,1
1848,-60.36,0.55,26.07,1
1849,-59.83,0.53,26.4,1
1850,-59.48,0.51,26.78,1
1851,-59.18,0.58,27.0,1
1852,-58.53,0.9,27.23,1
1853,-58.16,1.18,27.32,1
1854,-57.86,1.25,27.41,1
1855,-57.23,1.32,27.5,1
1856,-56.25,1.32,27.27,1
1857,-55.42,1.25,26.9,1
1858,-54.29,1.27,26.93,1
1859,-51.39,1.64,27.53,1
1860,-49.24,2.31,28.34,1
1861,-48.1,2.7,28.83,1
1862,-46.88,3.25,29.58,1
1863,-45.87,3.71,30.26,1
1864,-44.97,4.15,30.59,1
1865,-43.84,4.23,31.11,1
1866,-42.76,4.41,32.13,1
1867,-42.03,4.55,32.55,1
1868,-41.52,4.59,32.67,1
1869,-41.2,4.73,33.08,1
1870,-40.5,4.93,33.55,1
1871,-40.15,4.96,33.96,1
1872,-40.12,4.71,34.27,1
1873,-40.06,4.79,34.7,1
1874,-39.9,5.29,35.17,1
1875,-39.72,5.66,35.36,1
1876,-39.42,6.04,35.42,1
1877,-39.36,6.36,35.45,1
1878,-39.63,6.26,35.31,1
1879,-39.96,6.69,35.39,1
1880,-40.3,6.34,35.22,1
1881,-40.96,6.64,35.1,1
1882,-41.73,6.74,34.97,1
1883,-42.41,6.88,34.85,1
1884,-42.92,6.99,34.63,1
1885,-43.41,7.12,34.29,1
1886,-43.73,7.3,34.01,1
1887,-43.91,7.38,33.62,1
1888,-44.26,7.53,33.27,1
1889,-44.52,7.7,32.94,1
1890,-44.7,7.98,32.91,1
1891,-45.0,8.43,32.99,1
1892,-45.23,8.72,33.0,1
1893,-45.2,8.96,32.99,1
1894,-45.38,9.2,32.92,1
1895,-45.59,9.4,32.79,1
1896,-45.95,9.79,32.49,1
1897,-46.09,10.18,32.35,1
1898,-46.34,10.53,32.3,1
1899,-46.57,10.54,32.23,1
1900,-46.88,10.29,31.98,1
1901,-46.97,10.42,31.88,1
1902,-46.99,10.85,31.76,1
1903,-47.13,10.98,31.64,1
1904,-47.4,10.89,31.31,1
1905,-47.49,10.85,31.03,1
1906,-47.72,10.78,30.93,1
1907,-47.84,10.81,30.75,1
1908,-47.94,10.86,30.56,1
1909,-48.05,10.93,30.43,1
1910,-48.1,10.96,30.34,1
1911,-48.21,10.97,30.31,1
1912,-48.4,10.78,30.27,1
1913,-48.43,10.85,30.35,1
1914,-48.47,11.01,30.33,1
1915,-48.53,11.0,30.43,1
1916,-48.69,10.9,30.52,1
1917,-48.81,10.82,30.61,1
1918,-48.88,10.67,30.61,1
1919,-48.99,10.5,30.47,1
1920,-49.15,10.44,30.26,1
1921,-49.24,10.58,30.12,1
1922,-49.36,10.74,30.04,1
1923,-49.44,10.79,30.05,1
1924,-49.53,10.74,30.11,1
1925,-49.71,10.86,30.23,1
1926,-49.79,11.17,30.23,1
1927,-49.88,11.38,30.1,1
1928,-49.89,11.55,30.0,1
1929,-50.08,11.8,30.05,1
1930,-50.29,12.06,30.17,1
1931,-50.43,12.21,30.15,1
1932,-50.36,12.18,30.0,1
1933,-50.52,12.17,29.8,1
1934,-50.67,12.17,29.81,1
1935,-50.54,12.27,29.74,1
1936,-50.51,12.52,29.63,1
1937,-50.43,12.72,29.7,1
1938,-50.6,12.48,29.71,1
1939,-50.74,12.05,29.67,1
1940,-51.03,11.69,29.75,1
1941,-51.31,11.71,30.06,1
1942,-51.57,11.78,30.29,1
1943,-51.65,11.8,30.26,1
1944,-51.81,11.92,30.01,1
1945,-52.05,12.12,29.82,1
1946,-52.17,12.4,29.67,1
1947,-52.38,12.72,29.51,1
1948,-52.79,13.03,29.4,1
1949,-53.19,13.29,29.38,1
1950,-53.41,13.61,29.41,1
1951,-53.77,13.96,29.31,1
1952,-54.34,14.34,29.16,1
1953,-55.43,14.68,28.98,1
1954,-57.12,14.83,28.65,1
1955,-58.02,14.69,28.23,1
1956,-58.57,14.01,28.5,1
1957,-60.15,13.95,28.77,1
1958,-61.11,14.13,28.8,1
1959,-62.21,14.37,28.47,1
1960,-62.8,14.49,28.36,1
1961,-63.7,14.62,28.17,1
1962,-64.49,14.75,28.06,1
1963,-64.83,14.78,28.07,1
1964,-65.22,14.57,28.19,1
1965,-65.98,14.29,28.38,1
1966,-66.61,14.33,28.47,1
1967,-67.17,14.27,28.61,1
1968,-68.04,13.83,28.62,1
1969,-69.04,13.06,28.28,1
1970,-69.48,12.98,28.13,1
1971,-69.98,12.37,27.85,1
1972,-70.77,11.5,27.83,1
1973,-71.64,10.68,27.82,1
1974,-72.13,10.15,27.93,1
1975,-72.44,10.05,27.92,1
1976,-72.89,9.87,27.79,1
1977,-73.31,9.86,27.7,1
1978,-73.46,10.17,27.59,1
1979,-74.37,10.89,27.19,1
1980,-75.26,11.65,26.54,1
1981,-75.78,12.02,25.97,1
1982,-76.36,12.21,25.49,1
1983,-77.35,12.4,25.09,1
1984,-78.59,12.87,24.46,1
1985,-79.46,13.11,23.98,1
1986,-80.29,13.1,23.47,1
1987,-81.44,13.13,22.6,1
1988,-82.74,13.4,21.63,1
1989,-83.77,13.89,20.74,1
1990,-84.28,14.07,20.48,1
1991,-84.51,13.94,20.39,1
1992,-85.08,13.57,20.37,1
1993,-85.72,13.17,20.43,1
1994,-86.37,12.79,20.48,1
1995,-86.59,12.54,20.51,1
1996,-86.65,12.25,20.63,1
1997,-86.8,11.87,20.75,1
1998,-87.37,11.33,20.8,1
1999,-87.96,10.85,20.78,1
2000,-88.25,10.27,20.7,1
2001,-88.31,10.0,20.66,1
2002,-88.81,9.45,20.77,1
2003,-89.53,8.92,21.11,1
2004,-90.17,8.31,21.24,1
2005,-91.01,7.76,21.28,1
2006,-91.79,7.29,21.34,1
2007,-92.36,6.89,21.29,1
2008,-92.5,6.59,21.25,1
2009,-92.82,6.47,21.22,1
2010,-93.1,6.28,21.21,1
2011,-93.1,5.75,21.27,1
2012,-93.17,5.13,21.41,1
2013,-93.44,4.23,21.17,1
2014,-93.68,4.09,21.16,1
2015,-94.4,3.71,21.35,1
2016,-94.92,3.26,21.45,1
2017,-94.8,2.68,21.2,1
2018,-94.5,2.39,21.11,1
2019,-94.16,2.36,21.0,1
2020,-94.04,2.55,20.92,1
2021,-93.71,2.55,20.92,1
2022,-93.53,2.69,20.9,1
2023,-93.27,2.92,20.82,1
2024,-93.03,3.19,20.59,1
2025,-92.83,3.39,20.38,1
2026,-92.72,3.55,20.29,1
2027,-92.53,3.71,20.29,1
2028,-92.28,4.0,20.2,1
2029,-92.11,4.21,20.08,1
2030,-91.74,4.23,19.95,1
2031,-91.24,4.28,19.88,1
2032,-90.69,4.19,19.85,1
2033,-90.05,4.22,19.8,1
2034,-89.28,4.41,19.44,1
2035,-88.26,4.65,18.97,1
2036,-86.97,5.03,18.42,1
2037,-85.06,5.67,17.71,1
2038,-83.22,5.91,17.38,1
2039,-81.67,5.99,17.26,1
2040,-79.9,5.83,17.51,1
2041,-77.82,5.87,17.56,1
2042,-76.48,5.28,17.69,1
2043,-75.48,4.43,17.49,1
2044,-73.74,3.61,17.32,1
2045,-72.07,3.62,17.43,1
2046,-71.05,3.23,17.68,1
2047,-69.68,3.02,18.03,1
2048,-67.58,2.0,19.22,1
2049,-65.35,0.67,20.45,1
2050,-64.42,-0.08,21.07,1
2051,-63.59,-0.57,21.75,1
2052,-63.33,-1.31,21.94,1
2053,-63.16,-1.94,22.27,1
2054,-63.29,-2.56,22.29,1
2055,-62.75,-3.51,22.35,1
2056,-62.41,-4.45,22.47,1
2057,-61.63,-4.91,22.6,1
2058,-60.94,-4.84,22.44,1
2059,-59.72,-4.39,22.77,1
2060,-58.77,-3.2,22.72,1
2061,-57.95,-2.48,22.81,1
2062,-57.74,-1.91,22.71,1
2063,-59.27,-0.68,21.48,1
2064,-59.06,-0.36,21.48,1
2065,-58.69,-0.21,21.67,1
2066,-58.63,-0.28,21.89,1
2067,-58.03,-0.27,21.88,1
2068,-57.37,-0.32,22.02,1
2069,-57.32,-0.6,22.06,1
2070,-57.62,-0.98,22.33,1
2071,-56.93,-0.86,21.63,1
2072,-56.24,-0.4,21.23,1
2073,-55.86,-0.41,21.6,1
2074,-55.34,-0.63,21.65,1
2075,-54.6,-0.66,21.3,1
2076,-53.26,-0.73,20.94,1
2077,-52.62,-0.83,20.87,1
2078,-50.88,-0.05,21.2,1
2079,-49.44,0.2,22.12,1
2080,-48.96,-0.5,22.88,1
2081,-48.4,-0.99,22.99,1
2082,-47.64,-1.32,23.23,1
2083,-47.56,-1.02,23.28,1
2084,-47.72,-0.98,23.36,1
2085,-47.75,-0.8,23.48,1
2086,-45.67,-0.72,23.6,1
2087,-45.55,-0.55,23.62,1
2088,-45.37,-0.33,23.61,1
2089,-45.36,0.02,23.56,1
2090,-45.64,0.26,23.51,1
2091,-45.86,0.43,23.51,1
2092,-46.0,0.49,23.54,1
2093,-46.12,0.65,23.52,1
2094,-46.19,0.99,23.5,1
2095,-46.04,1.31,23.49,1
2096,-46.15,1.42,23.46,1
2097,-46.52,1.42,23.2,1
2098,-46.94,1.66,22.6,1
2099,-47.25,2.14,21.74,1
2100,-47.43,2.7,20.84,1
2101,-47.58,3.03,20.21,1
2102,-47.55,3.45,19.94,1
2103,-47.7,3.79,19.44,1
2104,-47.71,4.19,19.16,1
2105,-47.74,4.56,18.88,1
2106,-48.03,5.05,17.86,1
2107,-47.6,5.12,15.89,1
2108,-47.52,5.57,14.32,1
2109,-47.67,5.77,12.31,1
2110,-47.51,6.22,10.83,1
2111,-48.36,6.45,8.54,1
2112,-48.76,6.58,6.73,1
2113,-49.38,6.7,4.3,1
2114,-49.75,6.66,2.5,1
2115,-50.52,6.69,0.61,1
2116,-50.75,6.71,-0.27,1
2117,-51.29,7.08,-2.34,1
2118,-51.43,7.24,-3.05,1
2119,-51.77,7.97,-5.2,1
2120,-50.6,8.32,-6.26,1
2121,-50.77,9.05,-8.74,1
2122,-50.6,9.85,-10.03,1
2123,-52.22,9.23,-12.18,1
2124,-53.22,9.96,-15.85,1
2125,-55.15,9.18,-19.3,1
2126,-56.1,9.31,-20.96,1
2127,-56.47,9.18,-21.58,1
2128,-57.32,8.92,-24.13,1
2129,-57.92,8.63,-26.13,1
2130,-58.49,7.57,-28.15,1
2131,-59.27,6.49,-30.08,1
2132,-60.29,6.3,-32.14,1
2133,-60.69,5.31,-33.85,1
2134,-62.26,4.96,-35.98,1
2135,-62.49,4.63,-37.06,1
2136,-62.88,4.02,-38.77,1
2137,-63.12,3.71,-41.01,1
2138,-63.07,3.04,-42.13,1
2139,-61.88,1.67,-42.49,1
2140,-60.51,0.34,-43.25,1
2141,-59.11,-0.97,-42.96,1
2142,-57.7,-1.8,-44.31,1
2143,-56.35,-2.05,-45.48,1
2144,-54.64,-2.45,-45.68,1
2145,-53.09,-3.19,-45.78,1
2146,-52.05,-4.09,-45.92,1
2147,-51.35,-5.47,-45.35,1
2148,-52.57,-6.14,-46.49,1
2149,-53.01,-6.83,-45.9,1
2150,-51.83,-7.34,-44.52,1
2151,-51.36,-7.53,-44.89,1
2152,-50.81,-7.59,-45.15,1
2153,-49.82,-8.1,-44.49,1
2154,-49.24,-9.88,-43.97,1
2155,-49.17,-12.06,-44.59,1
2156,-48.99,-14.23,-43.32,1
2157,-47.57,-14.86,-43.81,1
2158,-47.0,-15.93,-45.61,1
2159,-46.02,-17.44,-47.89,1
2160,-45.64,-18.87,-49.1,1
2161,-44.57,-18.95,-49.55,1
2162,-44.65,-19.13,-51.06,1
2163,-44.78,-19.26,-53.51,1
2164,-43.71,-19.85,-54.79,1
2165,-41.7,-20.26,-55.98,1
2166,-40.39,-21.16,-57.09,1
2167,-39.7,-22.02,-57.96,1
2168,-39.48,-21.71,-58.34,1
2169,-39.68,-21.75,-59.16,1
2170,-39.72,-23.55,-59.7,1
2171,-39.62,-24.64,-60.56,1
2172,-39.29,-25.86,-60.74,1
2173,-39.74,-26.42,-61.42,1
2174,-39.59,-26.6,-62.27,1
2175,-38.94,-26.38,-62.95,1
2176,-38.1,-25.9,-63.28,1
2177,-37.33,-25.99,-63.25,1
2178,-36.78,-26.75,-63.22,1
2179,-36.14,-26.93,-63.18,1
2180,-35.4,-27.1,-63.05,1
2181,-34.67,-27.59,-62.9,1
2182,-34.06,-27.88,-63.09,1
2183,-32.3,-29.06,-63.3,1
2184,-30.87,-29.59,-63.33,1
2185,-29.33,-29.77,-63.33,1
2186,-28.42,-30.37,-62.93,1
2187,-27.71,-31.22,-62.38,1
2188,-26.92,-31.66,-61.87,1
2189,-26.26,-31.95,-61.68,1
2190,-25.41,-32.61,-61.48,1
2191,-24.44,-33.13,-61.13,1
2192,-23.64,-33.3,-60.74,1
2193,-22.92,-33.63,-60.58,1
2194,-22.44,-34.43,-60.31,1
2195,-21.85,-34.99,-60.44,1
2196,-21.23,-35.58,-60.43,1
2197,-20.52,-36.21,-60.42,1
2198,-19.98,-37.04,-60.55,1
2199,-19.72,-37.57,-60.86,1
2200,-19.5,-38.01,-61.35,1
2201,-19.17,-38.66,-62.25,1
2202,-18.74,-38.84,-62.91,1
2203,-18.41,-38.87,-63.25,1
2204,-17.9,-38.87,-63.64,1
2205,-17.37,-39.33,-63.91,1
2206,-17.04,-39.75,-64.27,1
2207,-16.91,-40.18,-64.53,1
2208,-16.85,-40.81,-64.8,1
2209,-16.7,-41.42,-64.96,1
2210,-16.59,-41.64,-65.06,1
2211,-16.45,-41.87,-65.15,1
2212,-16.17,-42.06,-65.18,1
2213,-15.82,-42.36,-65.28,1
2214,-15.61,-42.66,-65.38,1
2215,-15.4,-42.9,-65.39,1
2216,-15.02,-43.26,-65.27,1
2217,-14.63,-43.55,-65.22,1
2218,-14.33,-43.78,-65.24,1
2219,-14.15,-44.01,-65.33,1
2220,-14.02,-44.15,-65.37,1
2221,-13.85,-44.39,-65.45,1
2222,-13.58,-44.6,-65.42,1
2223,-13.34,-44.86,-65.45,1
2224,-13.15,-45.23,-65.54,1
2225,-12.98,-45.56,-65.54,1
2226,-12.83,-45.94,-65.52,1
2227,-12.54,-46.38,-65.38,1
2228,-12.22,-46.93,-65.25,1
2229,-11.88,-47.39,-65.18,1
2230,-11.02,-47.88,-64.77,1
2231,-10.26,-48.24,-64.59,1
2232,-9.54,-48.59,-64.45,1
2233,-8.57,-49.42,-64.15,1
2234,-7.64,-49.96,-63.88,1
2235,-7.01,-50.13,-63.63,1
2236,-6.69,-50.53,-63.47,1
2237,-6.48,-50.9,-63.47,1
2238,-6.25,-51.23,-63.51,1
2239,-6.19,-51.58,-63.51,1
2240,-6.14,-51.66,-63.36,1
2241,-6.12,-51.8,-63.41,1
2242,-6.04,-52.04,-63.6,1
2243,-6.1,-52.19,-63.78,1
2244,-6.34,-52.33,-64.01,1
2245,-6.56,-52.66,-64.26,1
2246,-6.58,-52.85,-64.49,1
2247,-6.44,-52.75,-64.59,1
2248,-6.35,-52.79,-64.67,1
2249,-6.26,-52.97,-64.77,1
2250,-6.06,-53.09,-64.78,1
2251,-5.94,-53.37,-64.71,1
2252,-5.76,-53.72,-64.57,1
2253,-5.49,-53.49,-64.22,1
2254,-5.4,-54.03,-64.19,1
2255,-5.42,-54.45,-64.02,1
2256,-5.55,-55.1,-64.08,1
2257,-5.71,-55.35,-64.1,1
2258,-6.0,-55.61,-64.13,1
2259,-6.15,-55.61,-64.11,1
2260,-6.09,-55.59,-64.01,1
2261,-5.81,-55.68,-63.72,1
2262,-5.57,-55.75,-63.5,1
2263,-5.41,-55.9,-63.45,1
2264,-5.32,-56.06,-63.59,1
2265,-5.19,-56.3,-63.69,1
2266,-5.27,-56.37,-63.82,1
2267,-5.25,-56.39,-63.89,1
2268,-5.21,-56.5,-63.91,1
2269,-5.09,-56.59,-63.85,1
2270,-5.2,-56.61,-63.87,1
2271,-5.36,-56.69,-63.89,1
2272,-5.41,-56.76,-63.9,1
2273,-5.34,-56.74,-63.8,1
2274,-5.22,-56.61,-63.67,1
2275,-5.15,-56.46,-63.57,1
2276,-5.11,-56.47,-63.52,1
2277,-4.95,-56.41,-63.48,1
2278,-4.93,-56.57,-63.64,1
2279,-4.74,-56.64,-63.71,1
2280,-4.63,-56.66,-63.72,1
2281,-4.51,-56.63,-63.73,1
2282,-4.44,-56.65,-63.8,1
2283,-4.51,-56.65,-63.84,1
2284,-4.57,-56.51,-63.84,1
2285,-4.59,-56.38,-63.74,1
2286,-4.69,-56.45,-63.63,1
2287,-4.73,-56.56,-63.55,1
2288,-4.76,-56.53,-63.39,1
2289,-4.65,-56.58,-63.32,1
2290,-4.59,-56.64,-63.27,1
2291,-4.66,-56.74,-63.3,1
2292,-4.82,-56.88,-63.38,1
2293,-5.02,-57.19,-63.5,1
2294,-5.1,-57.4,-63.54,1
2295,-5.19,-57.28,-63.56,1
2296,-5.35,-57.32,-63.65,1
2297,-5.51,-57.57,-63.71,1
2298,-5.61,-57.88,-63.75,1
2299,-5.76,-58.11,-63.79,1
2300,-6.12,-58.46,-63.9,1
2301,-6.57,-58.83,-63.91,1
2302,-7.01,-59.14,-63.92,1
2303,-7.16,-59.11,-63.87,1
2304,-7.23,-58.92,-63.76,1
2305,-7.21,-58.82,-63.63,1
2306,-7.28,-58.85,-63.5,1
2307,-7.38,-58.89,-63.44,1
2308,-7.47,-58.88,-63.46,1
2309,-7.46,-58.78,-63.41,1
2310,-7.41,-58.77,-63.33,1
2311,-7.44,-58.74,-63.34,1
2312,-7.29,-58.44,-63.3,1
2313,-6.83,-57.54,-62.83,1
2314,-6.18,-56.42,-62.09,1
2315,-5.94,-55.85,-61.58,1
2316,-5.98,-55.39,-61.28,1
2317,-6.04,-55.01,-61.05,1
2318,-6.2,-54.75,-61.0,1
2319,-6.27,-54.51,-60.9,1
2320,-6.54,-54.26,-60.92,1
2321,-6.46,-53.16,-60.44,1
2322,-6.03,-51.99,-60.17,1
2323,-5.63,-51.04,-60.04,1
2324,-5.35,-49.91,-59.94,1
2325,-5.37,-49.02,-59.85,1
2326,-5.39,-48.29,-59.63,1
2327,-5.96,-48.23,-59.69,1
2328,-6.54,-47.92,-59.81,1
2329,-6.92,-47.5,-59.85,1
2330,-7.09,-46.93,-59.75,1
2331,-7.3,-46.48,-59.66,1
2332,-7.56,-46.05,-59.68,1
2333,-7.87,-45.8,-59.81,1
2334,-8.14,-45.69,-59.95,1
2335,-8.35,-45.61,-60.09,1
2336,-8.57,-45.28,-60.24,1
2337,-8.67,-44.91,-60.29,1
2338,-8.6,-44.69,-60.27,1
2339,-8.59,-44.68,-60.27,1
2340,-8.71,-44.74,-60.28,1
2341,-8.82,-44.72,-60.31,1
2342,-8.84,-44.74,-60.36,1
2343,-8.85,-44.87,-60.36,1
2344,-8.96,-45.04,-60.34,1
2345,-9.06,-45.13,-60.41,1
2346,-9.11,-45.11,-60.46,1
2347,-9.13,-45.22,-60.5,1
2348,-9.14,-45.29,-60.57,1
2349,-9.1,-45.37,-60.64,1
2350,-9.1,-45.57,-60.64,1
2351,-9.15,-45.8,-60.68,1
2352,-9.09,-45.89,-60.65,1
2353,-9.01,-45.81,-60.59,1
2354,-8.95,-45.75,-60.55,1
2355,-8.93,-45.61,-60.66,1
2356,-8.89,-45.34,-60.72,1
2357,-8.93,-45.24,-60.73,1
2358,-9.04,-45.27,-60.77,1
2359,-9.14,-45.27,-60.82,1
2360,-9.14,-45.19,-60.82,1
2361,-9.13,-45.25,-60.79,1
2362,-9.15,-45.48,-60.73,1
2363,-9.2,-45.84,-60.67,1
2364,-9.23,-46.12,-60.63,1
2365,-9.37,-47.4,-60.89,1
2366,-9.63,-49.08,-61.29,1
2367,-9.87,-50.24,-61.56,1
2368,-9.98,-51.14,-61.82,1
2369,-10.26,-52.09,-62.07,1
2370,-10.54,-53.01,-62.31,1
2371,-10.75,-54.26,-62.61,1
2372,-10.89,-55.3,-62.94,1
2373,-11.09,-56.03,-63.27,1
2374,-11.29,-56.96,-63.69,1
2375,-11.44,-57.84,-64.03,1
2376,-11.6,-58.65,-64.39,1
2377,-11.8,-59.35,-64.71,1
2378,-12.0,-60.49,-65.23,1
2379,-12.16,-62.14,-65.84,1
2380,-12.34,-63.71,-66.41,1
2381,-12.64,-65.28,-67.02,1
2382,-12.86,-67.21,-67.73,1
2383,-12.91,-68.76,-68.14,1
2384,-13.08,-70.78,-68.81,1
2385,-13.05,-73.03,-69.59,1
2386,-12.78,-75.46,-70.36,1
2387,-12.61,-76.56,-70.55,1
2388,-12.6,-78.22,-70.79,1
2389,-12.64,-79.91,-71.03,1
2390,-12.72,-80.95,-71.37,1
2391,-12.92,-82.44,-71.82,1
2392,-12.78,-84.42,-72.42,1
2393,-12.67,-85.84,-72.61,1
2394,-12.5,-87.22,-72.63,1
2395,-12.32,-88.65,-72.59,1
2396,-12.03,-89.66,-72.49,1
2397,-10.89,-91.68,-72.47,1
2398,-9.95,-93.12,-72.39,1
2399,-9.53,-94.12,-72.29,1
2400,-9.48,-94.26,-72.29,1
2401,-9.31,-94.02,-72.36,1
2402,-9.23,-93.67,-72.47,1
2403,-9.22,-93.59,-72.62,1
2404,-9.24,-94.46,-72.9,1
2405,-9.18,-94.85,-73.09,1
2406,-9.05,-95.08,-73.25,1
2407,-8.97,-95.37,-73.3,1
2408,-8.88,-95.57,-73.32,1
2409,-8.71,-95.41,-73.35,1
2410,-8.62,-95.14,-73.41,1
2411,-8.62,-94.67,-73.48,1
2412,-8.7,-94.19,-73.54,1
2413,-8.66,-94.1,-73.48,1
2414,-8.56,-94.12,-73.46,1
2415,-8.52,-93.69,-73.54,1
2416,-8.49,-93.33,-73.6,1
2417,-8.29,-93.23,-73.58,1
2418,-8.13,-93.17,-73.56,1
2419,-8.02,-92.9,-73.58,1
2420,-7.93,-92.5,-73.6,1
2421,-7.81,-92.02,-73.56,1
2422,-7.75,-91.09,-73.5,1
2423,-7.7,-90.16,-73.43,1
2424,-7.48,-89.24,-73.26,1
2425,-7.13,-88.28,-72.92,1
2426,-6.55,-86.73,-72.35,1
2427,-5.91,-84.68,-71.76,1
2428,-5.2,-82.63,-71.01,1
2429,-4.78,-81.07,-70.63,1
2430,-4.43,-79.63,-70.41,1
2431,-3.92,-77.81,-70.18,1
2432,-3.28,-75.59,-70.03,1
2433,-2.62,-72.85,-69.75,1
2434,-2.12,-70.38,-69.26,1
2435,-1.55,-67.52,-68.8,1
2436,-1.11,-64.64,-68.42,1
2437,-0.87,-62.4,-68.19,1
2438,-0.61,-60.46,-67.89,1
2439,-0.41,-58.35,-67.58,1
2440,-0.31,-56.22,-67.59,1
2441,-0.5,-55.17,-68.01,1
2442,-0.72,-53.9,-68.36,1
2443,-0.94,-52.82,-68.46,1
2444,-1.32,-51.61,-68.74,1
2445,-1.53,-50.69,-68.9,1
2446,-1.75,-50.03,-69.05,1
2447,-1.9,-49.55,-69.03,1
2448,-1.97,-49.33,-68.95,1
2449,-2.11,-48.96,-68.81,1
2450,-2.38,-48.63,-68.78,1
2451,-2.79,-48.45,-68.88,1
2452,-3.14,-48.32,-68.82,1
2453,-3.55,-48.3,-68.7,1
2454,-3.94,-48.32,-68.74,1
2455,-4.42,-48.3,-68.71,1
2456,-5.12,-48.25,-68.91,1
2457,-5.67,-48.33,-68.99,1
2458,-6.6,-47.53,-68.06,1
2459,-7.73,-47.06,-67.93,1
2460,-8.52,-46.22,-67.33,1
2461,-9.24,-45.26,-66.92,1
2462,-10.01,-44.51,-66.48,1
2463,-10.52,-44.11,-66.11,1
2464,-10.94,-44.09,-66.04,1
2465,-11.32,-43.87,-65.9,1
2466,-11.63,-43.81,-65.83,1
2467,-11.85,-43.75,-66.02,1
2468,-12.01,-43.58,-66.25,1
2469,-11.89,-43.17,-66.45,1
2470,-11.69,-42.42,-66.23,1
2471,-11.18,-41.69,-65.78,1
2472,-10.87,-41.0,-65.63,1
2473,-10.76,-40.87,-65.48,1
2474,-10.72,-40.72,-65.34,1
2475,-10.67,-40.75,-65.26,1
2476,-10.62,-40.75,-65.16,1
2477,-10.69,-40.71,-65.15,1
2478,-10.71,-40.71,-65.21,1
2479,-10.66,-40.67,-65.25,1
2480,-10.62,-40.61,-65.29,1
2481,-10.56,-40.59,-65.31,1
2482,-10.54,-40.63,-65.37,1
2483,-10.51,-40.58,-65.29,1
2484,-10.5,-40.69,-65.33,1
2485,-10.52,-40.79,-65.37,1
2486,-10.5,-40.86,-65.36,1
2487,-10.49,-40.93,-65.42,1
2488,-10.41,-40.88,-65.41,1
2489,-10.5,-40.92,-65.45,1
2490,-10.67,-41.06,-65.43,1
2491,-10.79,-41.1,-65.41,1
2492,-10.88,-41.19,-65.4,1
2493,-10.88,-41.28,-65.39,1
2494,-10.89,-41.55,-65.4,1
2495,-10.97,-41.84,-65.45,1
2496,-11.05,-41.98,-65.51,1
2497,-11.09,-42.14,-65.48,1
2498,-11.19,-42.41,-65.52,1
2499,-11.33,-42.64,-65.6,1
2500,-11.44,-42.8,-65.61,1
2501,-11.58,-42.92,-65.62,1
2502,-11.81,-43.6,-65.73,1
2503,-12.17,-44.91,-65.96,1
2504,-12.57,-46.42,-66.44,1
2505,-12.85,-47.9,-66.76,1
2506,-13.03,-49.7,-67.11,1
2507,-13.37,-50.69,-67.39,1
2508,-13.48,-50.94,-67.58,1
2509,-13.47,-51.66,-67.76,1
2510,-13.47,-52.53,-68.03,1
2511,-13.55,-53.21,-68.31,1
2512,-13.61,-53.71,-68.59,1
2513,-13.71,-54.39,-68.83,1
2514,-13.8,-54.95,-69.09,1
2515,-13.89,-55.06,-69.3,1
2516,-13.88,-54.89,-69.43,1
2517,-13.71,-54.76,-69.54,1
2518,-13.45,-54.76,-69.54,1
2519,-13.24,-54.85,-69.57,1
2520,-13.14,-55.43,-69.61,1
2521,-13.19,-56.31,-69.88,1
2522,-13.19,-56.78,-70.09,1
2523,-13.18,-56.96,-70.22,1
2524,-13.16,-56.82,-70.25,1
2525,-13.11,-56.5,-70.25,1
2526,-13.09,-56.28,-70.25,1
2527,-13.07,-56.18,-70.25,1
2528,-12.99,-56.07,-70.17,1
2529,-12.88,-56.0,-70.11,1
2530,-12.86,-56.22,-70.09,1
2531,-12.87,-56.68,-70.09,1
2532,-12.83,-56.98,-70.16,1
2533,-12.85,-57.6,-70.33,1
2534,-13.05,-59.16,-70.85,1
2535,-13.39,-61.04,-71.53,1
2536,-13.69,-63.02,-72.42,1
2537,-13.96,-64.84,-73.15,1
2538,-14.19,-66.55,-73.76,1
2539,-14.37,-67.92,-74.22,1
2540,-14.68,-69.57,-74.91,1
2541,-14.99,-70.81,-75.57,1
2542,-15.18,-71.93,-76.07,1
2543,-15.23,-72.76,-76.43,1
2544,-15.12,-73.42,-76.73,1
2545,-15.15,-74.1,-77.19,1
2546,-15.21,-75.49,-77.81,1
2547,-15.07,-77.31,-78.53,1
2548,-15.19,-78.85,-79.26,1
2549,-15.31,-81.05,-80.04,1
2550,-15.22,-82.71,-80.71,1
2551,-14.82,-84.12,-81.3,1
2552,-14.36,-85.13,-81.59,1
2553,-14.03,-86.06,-81.88,1
2554,-13.45,-87.42,-82.34,1
2555,-12.78,-89.06,-83.06,1
2556,-11.92,-90.26,-83.7,1
2557,-11.18,-91.04,-83.82,1
2558,-10.58,-91.38,-83.82,1
2559,-10.27,-91.19,-83.83,1
2560,-9.99,-91.19,-83.77,1
2561,-9.69,-91.46,-83.67,1
2562,-9.38,-91.5,-83.59,1
2563,-9.11,-91.61,-83.54,1
2564,-8.91,-91.91,-83.53,1
2565,-8.7,-92.18,-83.53,1
2566,-8.46,-92.4,-83.59,1
2567,-8.2,-92.82,-83.65,1
2568,-8.04,-93.53,-83.81,1
2569,-7.74,-94.26,-84.13,1
2570,-7.3,-94.45,-84.52,1
2571,-6.86,-94.62,-84.54,1
2572,-6.6,-94.75,-84.49,1
2573,-6.4,-94.55,-84.52,1
2574,-6.21,-94.43,-84.6,1
2575,-5.99,-94.52,-84.66,1
2576,-5.75,-94.83,-84.8,1
2577,-5.59,-94.77,-84.96,1
2578,-5.37,-94.54,-85.09,1
2579,-5.09,-94.54,-85.13,1
2580,-4.82,-94.42,-85.17,1
2581,-4.6,-94.15,-85.21,1
2582,-4.4,-93.79,-85.25,1
2583,-4.26,-93.59,-85.47,1
2584,-3.66,-93.91,-85.23,1
2585,-3.55,-93.77,-85.17,1
2586,-3.44,-93.04,-85.25,1
2587,-3.33,-92.37,-85.16,1
2588,-3.25,-91.62,-85.11,1
2589,-3.12,-90.9,-84.99,1
2590,-2.97,-90.5,-84.8,1
2591,-2.84,-89.9,-84.59,1
2592,-2.82,-88.97,-84.47,1
2593,-2.77,-88.38,-84.37,1
2594,-2.63,-87.99,-84.25,1
2595,-2.53,-87.37,-84.15,1
2596,-2.44,-86.91,-84.05,1
2597,-2.35,-86.62,-84.01,1
2598,-2.29,-86.27,-83.98,1
2599,-2.18,-85.89,-83.86,1
2600,-2.0,-85.63,-83.66,1
2601,-1.83,-85.23,-83.49,1
2602,-1.77,-84.56,-83.34,1
2603,-1.75,-83.59,-83.16,1
2604,-1.63,-82.53,-82.88,1
2605,-1.42,-81.12,-82.51,1
2606,-1.07,-79.2,-82.04,1
2607,-0.29,-76.73,-81.33,1
2608,0.03,-75.24,-80.83,1
2609,0.63,-73.3,-80.29,1
2610,1.14,-71.45,-79.88,1
2611,1.45,-69.75,-79.61,1
2612,1.58,-67.62,-79.51,1
2613,1.56,-65.19,-79.47,1
2614,1.79,-62.77,-79.23,1
2615,2.03,-60.05,-79.02,1
2616,2.07,-57.79,-78.89,1
2617,2.04,-55.62,-78.78,1
2618,1.95,-53.52,-78.57,1
2619,1.87,-51.53,-78.21,1
2620,1.68,-50.07,-77.85,1
2621,1.27,-48.6,-77.68,1
2622,1.02,-47.11,-77.43,1
2623,0.91,-45.96,-77.02,1
2624,0.34,-45.67,-77.17,1
2625,-0.11,-44.98,-77.25,1
2626,-0.22,-44.25,-77.22,1
2627,-0.24,-43.93,-77.26,1
2628,-0.31,-43.83,-77.38,1
2629,-0.44,-43.84,-77.57,1
2630,-0.56,-43.83,-77.81,1
2631,-1.29,-44.77,-77.95,1
2632,-2.8,-46.08,-78.31,1
2633,-4.07,-46.16,-78.58,1
2634,-4.64,-44.73,-79.18,1
2635,-4.55,-43.5,-79.25,1
2636,-4.18,-42.67,-79.1,1
2637,-3.73,-41.7,-78.91,1
2638,-3.51,-41.32,-78.86,1
2639,-3.85,-41.45,-78.92,1
2640,-4.59,-41.97,-79.21,1
2641,-5.31,-42.23,-79.65,1
2642,-6.32,-42.47,-80.02,1
2643,-6.19,-42.44,-79.66,1
2644,-6.24,-42.51,-79.13,1
2645,-6.05,-42.03,-79.07,1
2646,-6.41,-42.63,-79.9,1
2647,-6.59,-43.46,-80.57,1
2648,-6.48,-44.07,-81.06,1
2649,-6.5,-44.02,-83.48,1
2650,-5.77,-44.46,-84.48,1
2651,-5.01,-44.88,-84.1,1
2652,-4.35,-44.71,-83.19,1
2653,-4.03,-44.49,-82.17,1
2654,-4.28,-44.48,-81.63,1
2655,-5.22,-43.73,-84.51,1
2656,-5.99,-44.31,-86.12,1
2657,-6.33,-45.37,-87.28,1
2658,-6.76,-45.92,-88.27,1
2659,-6.54,-45.97,-89.0,1
2660,-6.49,-46.1,-89.11,1
2661,-6.44,-46.24,-88.91,1
2662,-6.48,-46.21,-88.37,1
2663,-6.37,-46.4,-87.45,1
2664,-5.98,-47.4,-86.51,1
2665,-5.83,-48.27,-85.99,1
2666,-5.93,-48.75,-85.65,1
2667,-6.16,-49.3,-85.28,1
2668,-6.37,-49.3,-84.9,1
2669,-6.78,-48.74,-84.31,1
2670,-6.79,-48.89,-83.73,1
2671,-6.87,-48.97,-83.68,1
2672,-6.91,-49.14,-83.79,1
2673,-6.96,-49.32,-83.87,1
2674,-7.07,-49.51,-84.09,1
2675,-7.15,-49.81,-84.23,1
2676,-7.21,-49.94,-84.26,1
2677,-7.39,-50.2,-84.44,1
2678,-7.57,-50.47,-84.51,1
2679,-7.77,-50.66,-84.61,1
2680,-7.87,-50.84,-84.52,1
2681,-8.04,-51.26,-84.42,1
2682,-8.27,-51.32,-84.35,1
2683,-8.44,-51.5,-84.49,1
2684,-8.61,-51.56,-84.64,1
2685,-8.93,-51.43,-84.83,1
2686,-9.03,-51.44,-84.88,1
2687,-9.04,-51.44,-84.76,1
2688,-9.21,-51.82,-84.94,1
2689,-9.26,-51.99,-85.04,1
2690,-9.15,-52.07,-85.06,1
2691,-9.08,-51.92,-85.23,1
2692,-9.25,-52.2,-85.5,1
2693,-9.42,-52.54,-85.65,1
2694,-9.57,-52.79,-85.69,1
2695,-9.95,-52.94,-86.0,1
2696,-10.91,-52.86,-86.56,1
2697,-11.23,-53.06,-86.76,1
2698,-11.46,-53.21,-86.85,1
2699,-11.47,-53.17,-86.82,1
2700,-11.43,-53.07,-86.78,1
2701,-11.46,-53.26,-86.94,1
2702,-11.39,-53.46,-87.11,1
2703,-11.6,-53.51,-87.83,1
2704,-11.37,-53.64,-88.18,1
2705,-11.41,-53.71,-88.47,1
2706,-11.25,-53.67,-88.43,1
2707,-11.14,-53.53,-88.41,1
2708,-11.07,-53.48,-88.4,1
2709,-11.0,-53.56,-88.39,1
2710,-10.96,-53.69,-88.39,1
2711,-10.85,-53.81,-88.4,1
2712,-10.78,-53.84,-88.34,1
2713,-10.79,-53.93,-88.21,1
2714,-10.92,-53.91,-88.17,1
2715,-11.03,-54.09,-88.11,1
2716,-11.12,-54.17,-87.96,1
2717,-11.71,-54.31,-88.65,1
2718,-11.57,-54.77,-88.51,1
2719,-11.53,-55.08,-88.59,1
2720,-11.47,-55.21,-88.63,1
2721,-11.43,-55.32,-88.68,1
2722,-11.39,-55.31,-88.73,1
2723,-11.33,-55.39,-88.91,1
2724,-11.68,-55.46,-89.5,1
2725,-11.57,-55.56,-89.82,1
2726,-11.4,-55.65,-90.11,1
2727,-11.25,-55.66,-90.24,1
2728,-11.12,-55.7,-90.24,1
2729,-11.03,-55.7,-90.14,1
2730,-11.0,-55.89,-90.15,1
2731,-10.95,-55.98,-90.06,1
2732,-10.93,-56.06,-90.02,1
2733,-11.03,-56.12,-89.94,1
2734,-11.0,-56.46,-89.89,1
2735,-11.05,-56.6,-89.96,1
2736,-10.97,-56.69,-89.89,1
2737,-10.93,-56.78,-89.85,1
2738,-10.91,-56.76,-89.83,1
2739,-10.86,-56.76,-89.83,1
2740,-10.8,-56.9,-89.91,1
2741,-10.77,-56.95,-89.97,1
2742,-10.73,-56.99,-90.02,1
2743,-10.65,-56.94,-89.96,1
2744,-10.54,-56.83,-89.85,1
2745,-10.47,-56.79,-89.94,1
2746,-10.38,-56.8,-89.98,1
2747,-10.3,-56.77,-89.95,1
2748,-10.23,-56.78,-89.94,1
2749,-10.14,-56.78,-89.91,1
2750,-10.12,-56.73,-89.83,1
